code,name,industry
000001,平安银行,['金融行业']
000002,万 科Ａ,['房地产']
000004,国农科技,['生物制药']
000005,世纪星源,['房地产']
000006,深振业Ａ,['房地产']
000007,全新好,['酒店旅游']
000008,神州高铁,['综合行业']
000009,中国宝安,['房地产']
000010,美丽生态,['建筑建材']
000011,深物业A,['房地产']
000012,南 玻Ａ,['玻璃行业']
000014,沙河股份,['房地产']
000016,深康佳Ａ,['家电行业']
000018,神州长城,['纺织行业']
000019,深深宝Ａ,['食品行业']
000020,深华发Ａ,['电子器件']
000021,深科技,['电子信息']
000022,深赤湾Ａ,['交通运输']
000023,深天地Ａ,['建筑建材']
000025,特 力Ａ,['汽车制造']
000026,飞亚达Ａ,['商业百货']
000027,深圳能源,['电力行业']
000028,国药一致,['商业百货']
000029,深深房Ａ,['房地产']
000030,富奥股份,['汽车制造']
000031,中粮地产,['房地产']
000032,深桑达Ａ,['电子信息']
000034,神州数码,['煤炭行业']
000035,中国天楹,['电子信息']
000036,华联控股,['房地产']
000037,*ST南电A,['电力行业']
000038,深大通,['房地产']
000039,中集集团,['机械行业']
000040,东旭蓝天,['房地产']
000042,中洲控股,['房地产']
000043,中航地产,['房地产']
000045,深纺织Ａ,['纺织行业']
000046,泛海控股,['房地产']
000048,康达尔,['农林牧渔']
000049,德赛电池,['电器行业']
000050,深天马Ａ,['电子器件']
000055,方大集团,['建筑建材']
000056,皇庭国际,['房地产']
000058,深 赛 格,['电子器件']
000059,华锦股份,['石油行业']
000060,中金岭南,['有色金属']
000061,农 产 品,['农林牧渔']
000062,深圳华强,['商业百货']
000063,中兴通讯,['电子信息']
000065,北方国际,['建筑建材']
000066,长城电脑,['电子信息']
000068,华控赛格,['电子器件']
000069,华侨城Ａ,['酒店旅游']
000070,特发信息,['电子信息']
000078,海王生物,['生物制药']
000088,盐 田 港,['交通运输']
000089,深圳机场,['交通运输']
000090,天健集团,['建筑建材']
000096,广聚能源,['石油行业']
000099,中信海直,['交通运输']
000100,TCL 集团,['家电行业']
000150,宜华健康,['医疗器械']
000151,中成股份,['物资外贸']
000153,丰原药业,['生物制药']
000155,*ST川化,['农药化肥']
000156,华数传媒,['传媒娱乐']
000157,中联重科,['机械行业']
000158,常山股份,['纺织行业']
000159,国际实业,['石油行业']
000166,申万宏源,['金融行业']
000301,东方市场,['综合行业']
000333,美的集团,['家电行业']
000338,潍柴动力,['汽车制造']
000400,许继电气,['发电设备']
000401,冀东水泥,['水泥行业']
000402,金 融 街,['房地产']
000403,ST生化,['生物制药']
000404,华意压缩,['机械行业']
000407,胜利股份,['塑料制品']
000408,*ST金源,['商业百货']
000409,山东地矿,['钢铁行业']
000410,沈阳机床,['机械行业']
000411,英特集团,['商业百货']
000413,东旭光电,['电子器件']
000415,渤海金控,['金融行业']
000416,民生控股,['商业百货']
000417,合肥百货,['商业百货']
000418,小天鹅Ａ,['家电行业']
000419,通程控股,['商业百货']
000420,吉林化纤,['化纤行业']
000421,南京公用,['交通运输']
000422,湖北宜化,['农药化肥']
000423,东阿阿胶,['生物制药']
000425,徐工机械,['机械行业']
000426,兴业矿业,['有色金属']
000428,华天酒店,['酒店旅游']
000429,粤高速Ａ,['公路桥梁']
000430,张家界,['酒店旅游']
000488,晨鸣纸业,['造纸行业']
000498,山东路桥,['建筑建材']
000501,鄂武商Ａ,['商业百货']
000502,绿景控股,['房地产']
000503,海虹控股,['电子信息']
000504,*ST生物,['传媒娱乐']
000505,*ST珠江,['房地产']
000506,中润资源,['房地产']
000507,珠海港,['交通运输']
000509,华塑控股,['建筑建材']
000510,金路集团,['化工行业']
000511,*ST烯碳,['其它行业']
000513,丽珠集团,['生物制药']
000514,渝 开 发,['房地产']
000516,国际医学,['商业百货']
000517,荣安地产,['房地产']
000518,四环生物,['生物制药']
000519,中兵红箭,['机械行业']
000520,长航凤凰,['交通运输']
000521,美菱电器,['家电行业']
000523,广州浪奇,['化工行业']
000524,岭南控股,['酒店旅游']
000525,红 太 阳,['农药化肥']
000526,紫光学大,['房地产']
000528,柳 工,['机械行业']
000529,广弘控股,['食品行业']
000530,大冷股份,['机械行业']
000531,穗恒运Ａ,['电力行业']
000532,力合股份,['电子信息']
000533,万 家 乐,['家电行业']
000534,万泽股份,['房地产']
000536,华映科技,['电子器件']
000537,广宇发展,['房地产']
000538,云南白药,['生物制药']
000539,粤电力Ａ,['电力行业']
000540,中天城投,['房地产']
000541,佛山照明,['家电行业']
000543,皖能电力,['电力行业']
000544,中原环保,['环保行业']
000545,金浦钛业,['化工行业']
000546,金圆股份,['水泥行业']
000547,航天发展,['电子信息']
000548,湖南投资,['公路桥梁']
000550,江铃汽车,['汽车制造']
000551,创元科技,['机械行业']
000552,靖远煤电,['煤炭行业']
000553,沙隆达Ａ,['农药化肥']
000554,泰山石油,['石油行业']
000555,神州信息,['电子信息']
000557,西部创业,['酿酒行业']
000558,莱茵体育,['房地产']
000559,万向钱潮,['汽车制造']
000560,昆百大Ａ,['商业百货']
000561,烽火电子,['电子信息']
000563,陕国投Ａ,['金融行业']
000564,西安民生,['商业百货']
000565,渝三峡Ａ,['化工行业']
000566,海南海药,['生物制药']
000567,海德股份,['房地产']
000568,泸州老窖,['酿酒行业']
000570,苏常柴Ａ,['机械行业']
000571,新大洲Ａ,['煤炭行业']
000572,海马汽车,['汽车制造']
000573,粤宏远Ａ,['房地产']
000576,广东甘化,['综合行业']
000581,威孚高科,['汽车制造']
000582,北部湾港,['交通运输']
000584,友利控股,['化纤行业']
000585,东北电气,['发电设备']
000586,汇源通信,['电子信息']
000587,金洲慈航,['商业百货' '有色金属']
000589,黔轮胎Ａ,['汽车制造']
000590,启迪古汉,['生物制药']
000591,太阳能,['商业百货']
000592,平潭发展,['农林牧渔']
000593,大通燃气,['供水供气']
000595,宝塔实业,['机械行业']
000596,古井贡酒,['酿酒行业']
000597,东北制药,['生物制药']
000598,兴蓉环境,['环保行业']
000599,青岛双星,['汽车制造']
000600,建投能源,['电力行业']
000601,韶能股份,['电力行业']
000603,盛达矿业,['有色金属']
000605,渤海股份,['供水供气']
000606,*ST易桥,['生物制药']
000607,华媒控股,['传媒娱乐']
000608,阳光股份,['房地产']
000609,绵石投资,['房地产']
000610,西安旅游,['酒店旅游']
000611,*ST天首,['纺织行业']
000612,焦作万方,['有色金属']
000613,大东海A,['酒店旅游']
000615,京汉股份,['化纤行业']
000616,海航投资,['房地产']
000617,*ST济柴,['机械行业']
000619,海螺型材,['建筑建材']
000620,新华联,['房地产']
000622,*ST恒立,['汽车制造']
000623,吉林敖东,['生物制药']
000625,长安汽车,['汽车制造']
000626,远大控股,['物资外贸']
000627,天茂集团,['化工行业']
000628,高新发展,['开发区']
000629,*ST钒钛,['钢铁行业']
000630,铜陵有色,['有色金属']
000631,顺发恒业,['房地产']
000632,三木集团,['综合行业']
000633,*ST合金,['综合行业']
000635,英 力 特,['化工行业']
000636,风华高科,['电子器件']
000637,茂化实华,['石油行业']
000638,万方发展,['商业百货']
000639,西王食品,['食品行业']
000650,仁和药业,['生物制药']
000651,格力电器,['家电行业']
000652,泰达股份,['综合行业']
000655,金岭矿业,['钢铁行业']
000656,金科股份,['房地产']
000657,中钨高新,['有色金属']
000659,珠海中富,['印刷包装']
000661,长春高新,['生物制药']
000662,天夏智慧,['化工行业']
000663,永安林业,['农林牧渔']
000665,湖北广电,['传媒娱乐']
000666,经纬纺机,['纺织机械']
000667,美好置业,['房地产']
000668,荣丰控股,['房地产']
000669,金鸿能源,['供水供气']
000670,*ST盈方,['电子器件']
000671,阳 光 城,['房地产']
000672,上峰水泥,['水泥行业']
000673,当代东方,['印刷包装']
000676,智度股份,['仪器仪表']
000677,恒天海龙,['化纤行业']
000678,襄阳轴承,['机械行业']
000679,大连友谊,['商业百货']
000680,山推股份,['机械行业']
000681,视觉中国,['电子信息']
000682,东方电子,['发电设备']
000683,远兴能源,['化工行业']
000685,中山公用,['供水供气']
000686,东北证券,['金融行业']
000687,华讯方舟,['化纤行业']
000690,宝新能源,['电力行业']
000691,ST亚太,['房地产']
000692,惠天热电,['供水供气']
000695,滨海能源,['供水供气']
000697,炼石有色,['有色金属']
000698,沈阳化工,['化工行业']
000700,模塑科技,['汽车制造']
000701,厦门信达,['综合行业']
000702,正虹科技,['农林牧渔']
000703,恒逸石化,['化纤行业']
000705,浙江震元,['商业百货']
000707,双环科技,['化工行业']
000708,大冶特钢,['钢铁行业']
000709,河钢股份,['钢铁行业']
000710,天兴仪表,['汽车制造']
000711,京蓝科技,['电子信息']
000712,锦龙股份,['金融行业']
000713,丰乐种业,['农林牧渔']
000715,中兴商业,['商业百货']
000716,黑芝麻,['食品行业']
000717,*ST韶钢,['钢铁行业']
000718,苏宁环球,['房地产']
000719,大地传媒,['传媒娱乐']
000720,新能泰山,['电力行业']
000721,西安饮食,['酒店旅游']
000722,湖南发展,['电力行业']
000723,美锦能源,['煤炭行业']
000725,京东方Ａ,['电子器件']
000726,鲁 泰Ａ,['纺织行业']
000727,华东科技,['电子器件']
000728,国元证券,['金融行业']
000729,燕京啤酒,['酿酒行业']
000731,四川美丰,['农药化肥']
000732,泰禾集团,['房地产']
000733,振华科技,['电子器件']
000735,罗 牛 山,['农林牧渔']
000736,中房地产,['房地产']
000737,南风化工,['化工行业']
000738,中航动控,['飞机制造']
000739,普洛药业,['生物制药']
000748,长城信息,['电子信息']
000750,国海证券,['金融行业']
000751,锌业股份,['有色金属']
000752,西藏发展,['酿酒行业']
000753,漳州发展,['汽车制造']
000755,山西三维,['化工行业']
000756,新华制药,['生物制药']
000757,浩物股份,['汽车制造']
000758,中色股份,['有色金属']
000759,中百集团,['商业百货']
000760,斯太尔,['汽车制造']
000761,本钢板材,['钢铁行业']
000762,西藏矿业,['有色金属']
000766,通化金马,['生物制药']
000767,漳泽电力,['电力行业']
000768,中航飞机,['飞机制造']
000776,广发证券,['金融行业']
000777,中核科技,['机械行业']
000778,新兴铸管,['钢铁行业']
000779,三毛派神,['纺织行业']
000780,平庄能源,['煤炭行业']
000782,美达股份,['化纤行业']
000783,长江证券,['金融行业']
000785,武汉中商,['商业百货']
000786,北新建材,['建筑建材']
000788,北大医药,['生物制药']
000789,万年青,['水泥行业']
000790,泰合健康,['生物制药']
000791,甘肃电投,['电力行业']
000792,盐湖股份,['农药化肥']
000793,华闻传媒,['传媒娱乐']
000795,英洛华,['其它行业']
000796,凯撒旅游,['食品行业']
000797,中国武夷,['房地产']
000798,中水渔业,['农林牧渔']
000799,酒鬼酒,['酿酒行业']
000800,一汽轿车,['汽车制造']
000801,四川九洲,['电子信息']
000802,北京文化,['酒店旅游']
000803,金宇车城,['纺织行业']
000806,银河生物,['发电设备']
000807,云铝股份,['有色金属']
000809,铁岭新城,['房地产']
000810,创维数字,['电子器件']
000811,烟台冰轮,['机械行业']
000812,陕西金叶,['印刷包装']
000813,德展健康,['纺织行业']
000815,美利云,['造纸行业']
000816,智慧农业,['机械行业']
000818,方大化工,['化工行业']
000819,岳阳兴长,['石油行业']
000820,神雾节能,['造纸行业']
000821,京山轻机,['机械行业']
000822,山东海化,['化工行业']
000823,超声电子,['电子器件']
000825,太钢不锈,['钢铁行业']
000826,启迪桑德,['环保行业']
000828,东莞控股,['公路桥梁']
000829,天音控股,['商业百货']
000830,鲁西化工,['农药化肥']
000831,*ST五稀,['有色金属']
000833,贵糖股份,['造纸行业']
000835,长城动漫,['传媒娱乐']
000836,鑫茂科技,['电子信息']
000837,秦川机床,['机械行业']
000838,财信发展,['房地产']
000839,中信国安,['综合行业']
000848,承德露露,['食品行业']
000850,华茂股份,['纺织行业']
000851,高鸿股份,['电子信息']
000852,石化机械,['机械行业']
000856,*ST冀装,['机械行业']
000858,五 粮 液,['酿酒行业']
000859,国风塑业,['塑料制品']
000860,顺鑫农业,['酿酒行业']
000861,海印股份,['房地产']
000862,银星能源,['电力行业']
000863,三湘印象,['房地产']
000868,安凯客车,['汽车制造']
000869,张 裕Ａ,['酿酒行业']
000875,吉电股份,['电力行业']
000876,新 希 望,['农林牧渔']
000877,天山股份,['水泥行业']
000878,云南铜业,['有色金属']
000880,潍柴重机,['机械行业']
000881,大连国际,['综合行业']
000882,华联股份,['商业百货']
000883,湖北能源,['电力行业']
000885,同力水泥,['水泥行业']
000886,海南高速,['公路桥梁']
000887,中鼎股份,['化工行业']
000888,峨眉山Ａ,['酒店旅游']
000889,茂业通信,['商业百货']
000890,法 尔 胜,['钢铁行业']
000892,星美联合,['电子信息']
000893,东凌国际,['食品行业']
000895,双汇发展,['食品行业']
000897,津滨发展,['房地产']
000898,鞍钢股份,['钢铁行业']
000899,赣能股份,['电力行业']
000900,现代投资,['公路桥梁']
000901,航天科技,['飞机制造']
000902,新洋丰,['农药化肥']
000903,云内动力,['机械行业']
000905,厦门港务,['交通运输']
000906,物产中拓,['商业百货']
000908,景峰医药,['生物制药']
000909,数源科技,['综合行业']
000910,大亚圣象,['家具行业']
000911,南宁糖业,['食品行业']
000912,泸天化,['农药化肥']
000913,*ST钱江,['摩托车']
000915,山大华特,['生物制药']
000916,华北高速,['公路桥梁']
000917,电广传媒,['传媒娱乐']
000918,嘉凯城,['房地产']
000919,金陵药业,['生物制药']
000920,南方汇通,['交通运输']
000921,海信科龙,['家电行业']
000922,佳电股份,['电器行业']
000923,河北宣工,['机械行业']
000925,众合科技,['机械行业']
000926,福星股份,['房地产']
000927,一汽夏利,['汽车制造']
000928,中钢国际,['建筑建材']
000929,兰州黄河,['酿酒行业']
000930,中粮生化,['食品行业']
000931,中 关 村,['房地产']
000932,华菱钢铁,['钢铁行业']
000933,*ST神火,['煤炭行业']
000935,四川双马,['水泥行业']
000936,华西股份,['化纤行业']
000937,冀中能源,['煤炭行业']
000938,紫光股份,['电子信息']
000939,凯迪生态,['电力行业']
000948,南天信息,['电子信息']
000949,新乡化纤,['化纤行业']
000950,*ST建峰,['农药化肥']
000951,中国重汽,['汽车制造']
000952,广济药业,['生物制药']
000953,河池化工,['农药化肥']
000955,欣龙控股,['纺织行业']
000957,中通客车,['汽车制造']
000958,东方能源,['电力行业']
000959,首钢股份,['钢铁行业']
000960,锡业股份,['有色金属']
000961,中南建设,['建筑建材']
000962,*ST东钽,['有色金属']
000963,华东医药,['生物制药']
000965,天保基建,['房地产']
000966,长源电力,['电力行业']
000967,盈峰环境,['发电设备']
000968,*ST煤气,['煤炭行业']
000969,安泰科技,['钢铁行业']
000970,中科三环,['电子信息']
000971,高升控股,['纺织行业']
000972,中基健康,['食品行业']
000973,佛塑科技,['塑料制品']
000976,春晖股份,['化纤行业']
000977,浪潮信息,['电子信息']
000978,桂林旅游,['酒店旅游']
000979,中弘股份,['房地产']
000980,金马股份,['仪器仪表']
000981,银亿股份,['房地产']
000982,中银绒业,['纺织行业']
000983,西山煤电,['煤炭行业']
000985,大庆华科,['化工行业']
000987,越秀金控,['商业百货']
000988,华工科技,['仪器仪表']
000989,九 芝 堂,['生物制药']
000990,诚志股份,['化工行业']
000993,闽东电力,['电力行业']
000995,*ST皇台,['酿酒行业']
000996,中国中期,['交通运输']
000997,新 大 陆,['电子信息']
000998,隆平高科,['农林牧渔']
000999,华润三九,['生物制药']
001696,宗申动力,['摩托车']
001896,豫能控股,['电力行业']
002001,新 和 成,['生物制药']
002002,鸿达兴业,['塑料制品']
002003,伟星股份,['服装鞋类']
002004,华邦健康,['农药化肥']
002005,德豪润达,['家电行业']
002006,精功科技,['机械行业']
002007,华兰生物,['生物制药']
002008,大族激光,['仪器仪表']
002009,天奇股份,['机械行业']
002010,传化智联,['化工行业']
002011,盾安环境,['机械行业']
002012,凯恩股份,['造纸行业']
002013,中航机电,['汽车制造']
002014,永新股份,['化工行业']
002015,霞客环保,['化纤行业']
002016,世荣兆业,['房地产']
002017,东信和平,['电子信息']
002018,华信国际,['农药化肥']
002019,亿帆医药,['生物制药']
002020,京新药业,['生物制药']
002021,中捷资源,['纺织机械']
002022,科华生物,['生物制药']
002023,海特高新,['飞机制造']
002024,苏宁云商,['商业百货']
002025,航天电器,['电子器件']
002026,山东威达,['机械行业']
002027,分众传媒,['电子信息']
002028,思源电气,['发电设备']
002029,七 匹 狼,['服装鞋类']
002030,达安基因,['生物制药']
002031,巨轮智能,['汽车制造']
002032,苏 泊 尔,['家电行业']
002033,丽江旅游,['酒店旅游']
002034,美 欣 达,['纺织行业']
002035,华帝股份,['家电行业']
002036,联创电子,['服装鞋类']
002037,久联发展,['化工行业']
002038,双鹭药业,['生物制药']
002039,黔源电力,['电力行业']
002040,南 京 港,['交通运输']
002041,登海种业,['农林牧渔']
002042,华孚色纺,['纺织行业']
002043,兔 宝 宝,['建筑建材']
002044,美年健康,['服装鞋类']
002045,国光电器,['电子器件']
002046,轴研科技,['机械行业']
002047,宝鹰股份,['建筑建材']
002048,宁波华翔,['汽车制造']
002049,紫光国芯,['电子器件']
002050,三花智控,['机械行业']
002051,中工国际,['建筑建材']
002052,同洲电子,['电子信息']
002053,云南能投,['化工行业']
002054,德美化工,['化工行业']
002055,得润电子,['电子器件']
002056,横店东磁,['电子器件']
002057,中钢天源,['电子器件']
002058,威 尔 泰,['仪器仪表']
002059,云南旅游,['酒店旅游']
002060,粤 水 电,['建筑建材']
002061,*ST江化,['化工行业']
002062,宏润建设,['建筑建材']
002063,远光软件,['电子信息']
002064,华峰氨纶,['化纤行业']
002065,东华软件,['电子信息']
002066,瑞泰科技,['建筑建材']
002067,景兴纸业,['造纸行业']
002068,黑猫股份,['化工行业']
002069,*ST獐岛,['农林牧渔']
002070,众和股份,['纺织行业']
002071,长城影视,['传媒娱乐']
002072,凯瑞德,['纺织行业']
002073,软控股份,['电子信息']
002074,国轩高科,['发电设备']
002075,沙钢股份,['钢铁行业']
002076,雪 莱 特,['家电行业']
002077,大港股份,['房地产']
002078,太阳纸业,['造纸行业']
002079,苏州固锝,['电子器件']
002080,中材科技,['化纤行业']
002081,金 螳 螂,['建筑建材']
002082,栋梁新材,['有色金属']
002083,孚日股份,['纺织行业']
002084,海鸥卫浴,['家具行业']
002085,万丰奥威,['汽车制造']
002086,东方海洋,['农林牧渔']
002087,新野纺织,['纺织行业']
002088,鲁阳节能,['其它行业']
002089,新 海 宜,['电子信息']
002090,金智科技,['电子信息']
002091,江苏国泰,['物资外贸']
002092,中泰化学,['化工行业']
002093,国脉科技,['电子信息']
002094,青岛金王,['化工行业']
002095,生 意 宝,['电子信息']
002096,南岭民爆,['化工行业']
002097,山河智能,['机械行业']
002098,浔兴股份,['服装鞋类']
002099,海翔药业,['生物制药']
002100,天康生物,['农林牧渔']
002101,广东鸿图,['机械行业']
002102,冠福股份,['陶瓷行业']
002104,恒宝股份,['电子器件']
002106,莱宝高科,['电子器件']
002107,沃华医药,['生物制药']
002108,沧州明珠,['塑料制品']
002109,*ST兴化,['化工行业']
002110,三钢闽光,['钢铁行业']
002111,威海广泰,['飞机制造']
002112,三变科技,['发电设备']
002113,天润数娱,['农药化肥']
002114,罗平锌电,['有色金属']
002115,三维通信,['电子信息']
002116,中国海诚,['建筑建材']
002117,东港股份,['印刷包装']
002118,紫鑫药业,['生物制药']
002119,康强电子,['电子器件']
002120,新海股份,['家具行业']
002121,科陆电子,['仪器仪表']
002122,天马股份,['机械行业']
002123,梦网荣信,['发电设备']
002124,天邦股份,['农林牧渔']
002125,湘潭电化,['化工行业']
002126,银轮股份,['汽车制造']
002127,南极电商,['纺织行业']
002128,露天煤业,['煤炭行业']
002129,中环股份,['电子器件']
002130,沃尔核材,['发电设备']
002131,利欧股份,['机械行业']
002132,恒星科技,['钢铁行业']
002133,广宇集团,['房地产']
002134,天津普林,['电子器件']
002135,东南网架,['建筑建材']
002136,安 纳 达,['化工行业']
002137,麦达数字,['电子器件']
002138,顺络电子,['电子器件']
002139,拓邦股份,['电子器件']
002140,东华科技,['建筑建材']
002141,蓉胜超微,['电子器件']
002142,宁波银行,['金融行业']
002143,印纪传媒,['传媒娱乐']
002144,宏达高科,['纺织行业']
002145,中核钛白,['化工行业']
002146,荣盛发展,['房地产']
002147,新光圆成,['机械行业']
002148,北纬通信,['电子信息']
002149,西部材料,['有色金属']
002150,通润装备,['机械行业']
002151,北斗星通,['电子信息']
002152,广电运通,['电子信息']
002153,石基信息,['电子信息']
002154,报 喜 鸟,['服装鞋类']
002155,湖南黄金,['有色金属']
002156,通富微电,['电子器件']
002157,正邦科技,['农林牧渔']
002158,汉钟精机,['机械行业']
002159,三特索道,['酒店旅游']
002160,常铝股份,['有色金属']
002161,远 望 谷,['电子信息']
002162,悦心健康,['陶瓷行业']
002163,中航三鑫,['建筑建材']
002164,宁波东力,['电器行业']
002165,红 宝 丽,['化工行业']
002166,莱茵生物,['生物制药']
002167,东方锆业,['有色金属']
002168,深圳惠程,['发电设备']
002169,智光电气,['发电设备']
002170,芭田股份,['农药化肥']
002171,楚江新材,['有色金属']
002172,澳洋科技,['化纤行业']
002173,*ST创疗,['农林牧渔']
002174,游族网络,['电子信息']
002175,东方网络,['仪器仪表']
002176,江特电机,['电器行业']
002177,御银股份,['电子信息']
002178,延华智能,['建筑建材']
002179,中航光电,['电子器件']
002180,艾派克,['电子信息']
002181,粤 传 媒,['传媒娱乐']
002182,云海金属,['有色金属']
002183,怡 亚 通,['交通运输']
002184,海得控制,['电子信息']
002185,华天科技,['电子器件']
002186,全 聚 德,['酒店旅游']
002187,广百股份,['商业百货']
002188,巴士在线,['电子器件']
002189,利达光电,['电子器件']
002190,成飞集成,['汽车制造']
002191,劲嘉股份,['印刷包装']
002192,融捷股份,['化工行业']
002193,山东如意,['纺织行业']
002194,武汉凡谷,['电子信息']
002195,二三四五,['电子信息']
002196,方正电机,['纺织机械']
002197,证通电子,['仪器仪表']
002198,嘉应制药,['生物制药']
002199,*ST东晶,['电子器件']
002200,云投生态,['环保行业']
002201,九鼎新材,['化工行业']
002202,金风科技,['发电设备']
002203,海亮股份,['有色金属']
002204,大连重工,['机械行业']
002205,国统股份,['建筑建材']
002206,海 利 得,['化纤行业']
002207,准油股份,['石油行业']
002208,合肥城建,['房地产']
002209,达 意 隆,['机械行业']
002210,飞马国际,['交通运输']
002211,宏达新材,['化工行业']
002212,南洋股份,['发电设备']
002213,特 尔 佳,['汽车制造']
002214,大立科技,['仪器仪表']
002215,诺 普 信,['农药化肥']
002216,三全食品,['食品行业']
002217,合力泰,['化工行业']
002218,拓日新能,['电子器件']
002219,恒康医疗,['生物制药']
002220,天宝股份,['食品行业']
002221,东华能源,['石油行业']
002222,福晶科技,['电子器件']
002223,鱼跃医疗,['医疗器械']
002224,三 力 士,['化工行业']
002225,濮耐股份,['建筑建材']
002226,江南化工,['化工行业']
002227,奥 特 迅,['发电设备']
002228,合兴包装,['印刷包装']
002229,鸿博股份,['印刷包装']
002230,科大讯飞,['电子信息']
002231,奥维通信,['电子信息']
002232,启明信息,['电子信息']
002233,塔牌集团,['水泥行业']
002234,民和股份,['农林牧渔']
002235,安妮股份,['造纸行业']
002236,大华股份,['仪器仪表']
002237,恒邦股份,['有色金属']
002238,天威视讯,['传媒娱乐']
002239,奥特佳,['服装鞋类']
002240,威华股份,['家具行业']
002241,歌尔股份,['电子器件']
002242,九阳股份,['家电行业']
002243,通产丽星,['塑料制品']
002244,滨江集团,['房地产']
002245,澳洋顺昌,['交通运输']
002246,北化股份,['化工行业']
002247,帝龙文化,['建筑建材']
002248,华东数控,['机械行业']
002249,大洋电机,['电器行业']
002250,联化科技,['化工行业']
002251,步 步 高,['商业百货']
002252,上海莱士,['生物制药']
002253,川大智胜,['电子信息']
002254,泰和新材,['化纤行业']
002255,海陆重工,['机械行业']
002256,兆新股份,['化工行业']
002258,利尔化学,['农药化肥']
002259,升达林业,['家具行业']
002260,德奥通航,['家电行业']
002261,拓维信息,['电子信息']
002262,恩华药业,['生物制药']
002263,大 东 南,['塑料制品']
002264,新 华 都,['商业百货']
002265,西仪股份,['汽车制造']
002266,浙富控股,['电器行业']
002267,陕天然气,['供水供气']
002268,卫 士 通,['电子信息']
002269,美邦服饰,['服装鞋类']
002270,华明装备,['机械行业']
002271,东方雨虹,['建筑建材']
002272,川润股份,['机械行业']
002273,水晶光电,['电子器件']
002274,华昌化工,['农药化肥']
002275,桂林三金,['生物制药']
002276,万马股份,['发电设备']
002277,友阿股份,['商业百货']
002278,神开股份,['机械行业']
002279,久其软件,['电子信息']
002280,联络互动,['电子信息']
002281,光迅科技,['电子信息']
002282,博深工具,['机械行业']
002283,天润曲轴,['汽车制造']
002284,亚太股份,['汽车制造']
002285,世联行,['房地产']
002286,保龄宝,['食品行业']
002287,奇正藏药,['生物制药']
002288,超华科技,['电子器件']
002289,*ST宇顺,['电子器件']
002290,禾盛新材,['家电行业']
002291,星期六,['服装鞋类']
002292,奥飞娱乐,['传媒娱乐']
002293,罗莱生活,['服装鞋类']
002294,信立泰,['生物制药']
002295,精艺股份,['有色金属']
002296,辉煌科技,['电子信息']
002297,博云新材,['其它行业']
002298,中电鑫龙,['电器行业']
002299,圣农发展,['农林牧渔']
002300,太阳电缆,['发电设备']
002302,西部建设,['水泥行业']
002303,美盈森,['造纸行业']
002304,洋河股份,['酿酒行业']
002305,南国置业,['房地产']
002306,中科云网,['酒店旅游']
002307,北新路桥,['建筑建材']
002308,威创股份,['电子信息']
002309,中利科技,['电器行业']
002310,东方园林,['建筑建材']
002311,海大集团,['农林牧渔']
002312,三泰控股,['电子信息']
002313,日海通讯,['电子信息']
002314,南山控股,['建筑建材']
002315,焦点科技,['电子信息']
002316,键桥通讯,['电子信息']
002317,众生药业,['生物制药']
002318,久立特材,['钢铁行业']
002319,乐通股份,['化工行业']
002320,海峡股份,['交通运输']
002321,华英农业,['农林牧渔']
002322,理工环科,['电器行业']
002323,雅百特,['发电设备']
002324,普利特,['塑料制品']
002325,洪涛股份,['建筑建材']
002326,永太科技,['化工行业']
002327,富安娜,['服装鞋类']
002328,新朋股份,['机械行业']
002329,皇氏集团,['食品行业']
002330,得利斯,['食品行业']
002331,皖通科技,['电子信息']
002332,仙琚制药,['生物制药']
002333,罗普斯金,['有色金属']
002334,英威腾,['电器行业']
002335,科华恒盛,['电器行业']
002336,*ST人乐,['商业百货']
002337,赛象科技,['机械行业']
002338,奥普光电,['仪器仪表']
002339,积成电子,['电器行业']
002340,格林美,['有色金属']
002341,新纶科技,['化工行业']
002342,巨力索具,['机械行业']
002343,慈文传媒,['塑料制品']
002344,海宁皮城,['商业百货']
002345,潮宏基,['服装鞋类']
002346,柘中股份,['水泥行业']
002347,泰尔股份,['机械行业']
002349,精华制药,['生物制药']
002350,北京科锐,['发电设备']
002351,漫步者,['电子信息']
002352,鼎泰新材,['钢铁行业']
002353,杰瑞股份,['机械行业']
002354,天神娱乐,['电子信息']
002355,兴民智通,['汽车制造']
002356,赫美集团,['仪器仪表']
002357,富临运业,['交通运输']
002358,森源电气,['发电设备']
002359,齐星铁塔,['钢铁行业']
002360,同德化工,['化工行业']
002361,神剑股份,['化工行业']
002362,汉王科技,['电子信息']
002363,隆基机械,['汽车制造']
002364,中恒电气,['电器行业']
002365,永安药业,['生物制药']
002366,台海核电,['机械行业']
002367,康力电梯,['交通运输']
002368,太极股份,['电子信息']
002369,卓翼科技,['电子信息']
002370,亚太药业,['生物制药']
002371,七星电子,['电子器件']
002372,伟星新材,['建筑建材']
002373,千方科技,['电子信息']
002374,丽鹏股份,['印刷包装']
002375,亚厦股份,['建筑建材']
002376,新北洋,['电子信息']
002377,国创高新,['化工行业']
002378,章源钨业,['有色金属']
002379,*ST鲁丰,['有色金属']
002380,科远股份,['电器行业']
002381,双箭股份,['化工行业']
002382,蓝帆医疗,['医疗器械']
002383,合众思壮,['电子信息']
002384,东山精密,['电子信息']
002385,大北农,['农林牧渔']
002386,天原集团,['化工行业']
002387,黑牛食品,['食品行业']
002388,新亚制程,['电子器件']
002389,南洋科技,['电子器件']
002390,信邦制药,['生物制药']
002391,长青股份,['农药化肥']
002392,北京利尔,['建筑建材']
002393,力生制药,['生物制药']
002394,联发股份,['纺织行业']
002395,双象股份,['化工行业']
002396,星网锐捷,['电子信息']
002397,梦洁股份,['服装鞋类']
002398,建研集团,['建筑建材']
002399,海普瑞,['生物制药']
002400,省广股份,['印刷包装']
002401,中海科技,['电子信息']
002402,和而泰,['电子器件']
002403,爱仕达,['家电行业']
002404,嘉欣丝绸,['纺织行业']
002405,四维图新,['电子信息']
002406,远东传动,['汽车制造']
002407,多氟多,['化工行业']
002408,齐翔腾达,['化工行业']
002409,雅克科技,['化工行业']
002410,广联达,['电子信息']
002411,必康股份,['化工行业']
002412,汉森制药,['生物制药']
002413,雷科防务,['机械行业']
002414,高德红外,['仪器仪表']
002415,海康威视,['仪器仪表']
002416,爱施德,['商业百货']
002417,三元达,['电子信息']
002418,康盛股份,['机械行业']
002419,天虹商场,['商业百货']
002420,毅昌股份,['塑料制品']
002421,达实智能,['电子信息']
002422,科伦药业,['生物制药']
002423,*ST中特,['钢铁行业']
002424,贵州百灵,['生物制药']
002425,凯撒文化,['服装鞋类']
002426,胜利精密,['电子器件']
002427,尤夫股份,['化纤行业']
002428,云南锗业,['有色金属']
002429,兆驰股份,['家电行业']
002430,杭氧股份,['机械行业']
002431,棕榈股份,['建筑建材']
002432,九安医疗,['医疗器械']
002433,太安堂,['生物制药']
002434,万里扬,['汽车制造']
002435,长江润发,['机械行业']
002436,兴森科技,['电子器件']
002437,誉衡药业,['生物制药']
002438,江苏神通,['机械行业']
002439,启明星辰,['电子信息']
002440,闰土股份,['化工行业']
002441,众业达,['商业百货']
002442,龙星化工,['化工行业']
002443,金洲管道,['钢铁行业']
002444,巨星科技,['机械行业']
002445,中南文化,['机械行业']
002446,盛路通信,['电子信息']
002447,壹桥股份,['农林牧渔']
002448,中原内配,['交通运输']
002449,国星光电,['电子器件']
002450,康得新,['化工行业']
002451,摩恩电气,['发电设备']
002452,长高集团,['电器行业']
002453,天马精化,['化工行业']
002454,松芝股份,['汽车制造']
002455,百川股份,['化工行业']
002456,欧菲光,['电子器件']
002457,青龙管业,['塑料制品']
002458,益生股份,['农林牧渔']
002459,天业通联,['机械行业']
002460,赣锋锂业,['有色金属']
002461,珠江啤酒,['酿酒行业']
002462,嘉事堂,['商业百货']
002463,沪电股份,['电子器件']
002464,金利科技,['塑料制品']
002465,海格通信,['电子信息']
002466,天齐锂业,['化工行业']
002467,二六三,['电子信息']
002468,申通快递,['建筑建材']
002469,三维工程,['建筑建材']
002470,金正大,['农药化肥']
002471,中超控股,['发电设备']
002472,双环传动,['机械行业']
002473,圣莱达,['家电行业']
002474,榕基软件,['电子信息']
002475,立讯精密,['电子器件']
002476,宝莫股份,['化工行业']
002477,雏鹰农牧,['农林牧渔']
002478,常宝股份,['钢铁行业']
002479,富春环保,['电力行业']
002480,新筑股份,['机械行业']
002481,双塔食品,['食品行业']
002482,广田集团,['建筑建材']
002483,润邦股份,['机械行业']
002484,江海股份,['电子器件']
002485,希努尔,['服装鞋类']
002486,嘉麟杰,['服装鞋类']
002487,大金重工,['钢铁行业']
002488,金固股份,['汽车制造']
002489,浙江永强,['家具行业']
002490,山东墨龙,['机械行业']
002491,通鼎互联,['电子信息']
002492,恒基达鑫,['交通运输']
002493,荣盛石化,['化纤行业']
002494,华斯股份,['服装鞋类']
002495,佳隆股份,['食品行业']
002496,辉丰股份,['农药化肥']
002497,雅化集团,['化工行业']
002498,汉缆股份,['发电设备']
002499,科林环保,['机械行业']
002500,山西证券,['金融行业']
002501,利源精制,['有色金属']
002503,搜于特,['服装鞋类']
002504,弘高创意,['电子器件']
002505,大康农业,['农林牧渔']
002506,协鑫集成,['电子器件']
002507,涪陵榨菜,['食品行业']
002508,老板电器,['家电行业']
002509,天广中茂,['机械行业']
002510,天汽模,['汽车制造']
002511,中顺洁柔,['造纸行业']
002512,达华智能,['电子器件']
002513,*ST蓝丰,['农药化肥']
002514,宝馨科技,['机械行业']
002515,金字火腿,['食品行业']
002516,旷达科技,['纺织行业']
002517,恺英网络,['服装鞋类']
002518,科士达,['仪器仪表']
002519,银河电子,['电子信息']
002520,日发精机,['机械行业']
002521,齐峰新材,['造纸行业']
002522,浙江众成,['塑料制品']
002523,天桥起重,['机械行业']
002524,光正集团,['钢铁行业']
002526,山东矿机,['机械行业']
002527,新时达,['仪器仪表']
002528,英飞拓,['电子信息']
002529,海源机械,['机械行业']
002530,丰东股份,['机械行业']
002531,天顺风能,['发电设备']
002532,新界泵业,['机械行业']
002533,金杯电工,['发电设备']
002534,杭锅股份,['机械行业']
002535,林州重机,['机械行业']
002536,西泵股份,['汽车制造']
002537,海立美达,['机械行业']
002538,司尔特,['农药化肥']
002539,云图控股,['农药化肥']
002540,亚太科技,['有色金属']
002541,鸿路钢构,['钢铁行业']
002542,中化岩土,['建筑建材']
002543,万和电气,['家电行业']
002544,杰赛科技,['电子信息']
002545,东方铁塔,['钢铁行业']
002546,新联电子,['电器行业']
002547,春兴精工,['电子信息']
002548,金新农,['农林牧渔']
002549,凯美特气,['环保行业']
002550,千红制药,['生物制药']
002551,尚荣医疗,['医疗器械']
002552,宝鼎科技,['机械行业']
002553,南方轴承,['机械行业']
002554,惠博普,['石油行业']
002555,三七互娱,['汽车制造']
002556,辉隆股份,['商业百货']
002557,洽洽食品,['食品行业']
002558,世纪游轮,['酒店旅游']
002559,亚威股份,['机械行业']
002560,通达股份,['发电设备']
002561,徐家汇,['商业百货']
002562,兄弟科技,['化工行业']
002563,森马服饰,['服装鞋类']
002564,天沃科技,['机械行业']
002565,顺灏股份,['造纸行业']
002566,益盛药业,['生物制药']
002567,唐人神,['农林牧渔']
002568,百润股份,['食品行业']
002569,步森股份,['服装鞋类']
002570,贝因美,['食品行业']
002571,德力股份,['玻璃行业']
002572,索菲亚,['家具行业']
002573,清新环境,['环保行业']
002574,明牌珠宝,['服装鞋类']
002576,通达动力,['电器行业']
002577,雷柏科技,['电子信息']
002578,闽发铝业,['有色金属']
002579,中京电子,['电子器件']
002580,圣阳股份,['电器行业']
002581,未名医药,['化工行业']
002582,好想你,['食品行业']
002583,海能达,['电子信息']
002584,西陇科学,['化工行业']
002585,双星新材,['塑料制品']
002586,围海股份,['建筑建材']
002587,奥拓电子,['电子器件']
002588,史丹利,['农药化肥']
002589,瑞康医药,['商业百货']
002590,万安科技,['汽车制造']
002591,恒大高新,['机械行业']
002592,八菱科技,['交通运输']
002593,日上集团,['汽车制造']
002594,比亚迪,['汽车制造']
002595,豪迈科技,['机械行业']
002596,海南瑞泽,['建筑建材']
002597,金禾实业,['化工行业']
002598,山东章鼓,['机械行业']
002599,盛通股份,['印刷包装']
002600,江粉磁材,['电子器件']
002601,佰利联,['化工行业']
002602,世纪华通,['汽车制造']
002603,以岭药业,['生物制药']
002604,龙力生物,['食品行业']
002606,大连电瓷,['电器行业']
002607,亚夏汽车,['汽车制造']
002608,*ST舜船,['船舶制造']
002609,捷顺科技,['电子信息']
002611,东方精工,['机械行业']
002612,朗姿股份,['服装鞋类']
002613,北玻股份,['机械行业']
002614,蒙发利,['医疗器械']
002615,哈尔斯,['钢铁行业']
002616,长青集团,['环保行业']
002617,露笑科技,['电器行业' '有色金属']
002618,丹邦科技,['电子器件']
002619,巨龙管业,['水泥行业']
002620,瑞和股份,['建筑建材']
002621,三垒股份,['机械行业']
002622,融钰集团,['发电设备']
002623,亚玛顿,['玻璃行业']
002624,完美世界,['传媒娱乐']
002625,龙生股份,['汽车制造']
002626,金达威,['食品行业']
002627,宜昌交运,['交通运输']
002628,成都路桥,['建筑建材']
002629,仁智股份,['石油行业']
002630,华西能源,['机械行业']
002631,德尔未来,['家具行业']
002632,道明光学,['化工行业']
002633,申科股份,['机械行业']
002634,棒杰股份,['服装鞋类']
002635,安洁科技,['电子信息']
002636,金安国纪,['电子器件']
002637,赞宇科技,['化工行业']
002638,勤上光电,['电子器件']
002639,雪人股份,['机械行业']
002640,跨境通,['服装鞋类']
002641,永高股份,['塑料制品']
002642,荣之联,['电子信息']
002643,万润股份,['化工行业']
002644,佛慈制药,['生物制药']
002645,华宏科技,['机械行业']
002646,青青稞酒,['酿酒行业']
002647,宏磊股份,['电器行业']
002648,卫星石化,['化工行业']
002649,博彦科技,['电子信息']
002650,加加食品,['食品行业']
002651,利君股份,['机械行业']
002652,扬子新材,['建筑建材']
002653,海思科,['生物制药']
002654,万润科技,['电子器件']
002655,共达电声,['电子器件']
002656,摩登大道,['服装鞋类']
002657,中科金财,['电子信息']
002658,雪迪龙,['仪器仪表']
002659,中泰桥梁,['建筑建材']
002660,茂硕电源,['发电设备']
002661,克明面业,['食品行业']
002662,京威股份,['汽车制造']
002663,普邦股份,['建筑建材']
002664,信质电机,['电器行业']
002665,首航节能,['电器行业']
002666,德联集团,['化工行业']
002667,鞍重股份,['机械行业']
002668,奥马电器,['家电行业']
002669,康达新材,['化工行业']
002670,国盛金控,['电器行业']
002671,龙泉股份,['建筑建材']
002672,东江环保,['环保行业']
002673,西部证券,['金融行业']
002674,兴业科技,['服装鞋类']
002675,东诚药业,['生物制药']
002676,顺威股份,['塑料制品']
002677,浙江美大,['家电行业']
002679,福建金森,['农林牧渔']
002680,长生生物,['机械行业']
002681,奋达科技,['家电行业']
002682,龙洲股份,['交通运输']
002683,宏大爆破,['化工行业']
002684,猛狮科技,['电器行业']
002685,华东重机,['机械行业']
002686,亿利达,['机械行业']
002687,乔治白,['服装鞋类']
002688,金河生物,['生物制药']
002689,远大智能,['交通运输']
002690,美亚光电,['机械行业']
002691,冀凯股份,['机械行业']
002692,远程电缆,['电力行业']
002693,双成药业,['生物制药']
002694,顾地科技,['塑料制品']
002695,煌上煌,['食品行业']
002696,百洋股份,['农林牧渔']
002697,红旗连锁,['商业百货']
002698,博实股份,['机械行业']
002700,新疆浩源,['供水供气']
002701,奥瑞金,['印刷包装']
002702,海欣食品,['食品行业']
002703,浙江世宝,['汽车制造']
002705,新宝股份,['家电行业']
002706,良信电器,['电器行业']
002707,众信旅游,['酒店旅游']
002708,光洋股份,['汽车制造']
002709,天赐材料,['化工行业']
002711,欧浦智网,['交通运输']
002712,思美传媒,['传媒娱乐']
002713,东易日盛,['建筑建材']
002714,牧原股份,['农林牧渔']
002715,登云股份,['汽车制造']
002717,岭南园林,['建筑建材']
002718,友邦吊顶,['家具行业']
002719,麦趣尔,['食品行业']
002722,金轮股份,['纺织机械']
002723,金莱特,['家电行业']
002724,海洋王,['电子器件']
002725,跃岭股份,['汽车制造']
002726,龙大肉食,['食品行业']
002727,一心堂,['生物制药']
002728,特一药业,['生物制药']
002729,好利来,['电子器件']
002730,电光科技,['电器行业']
002731,萃华珠宝,['服装鞋类']
002732,燕塘乳业,['食品行业']
002733,雄韬股份,['电器行业']
002734,利民股份,['农药化肥']
002735,王子新材,['塑料制品']
002736,国信证券,['金融行业']
002737,葵花药业,['生物制药']
002738,中矿资源,['建筑建材']
002739,万达院线,['传媒娱乐']
002740,爱迪尔,['服装鞋类']
002741,光华科技,['化工行业']
002742,三圣股份,['建筑建材']
002743,富煌钢构,['钢铁行业']
002745,木林森,['电子器件']
002746,仙坛股份,['农林牧渔']
002747,埃斯顿,['机械行业']
002748,世龙实业,['化工行业']
002749,国光股份,['农药化肥']
002750,龙津药业,['生物制药']
002751,易尚展示,['家具行业']
002752,昇兴股份,['印刷包装']
002753,永东股份,['其它行业']
002755,东方新星,['其它行业']
002756,永兴特钢,['其它行业']
002757,南兴装备,['其它行业']
002758,华通医药,['其它行业']
002759,天际股份,['其它行业']
002820,桂发祥,['次新股']
002821,凯莱英,['次新股']
002822,中装建设,['次新股']
002823,凯中精密,['次新股']
002824,和胜股份,['次新股']
002825,纳尔股份,['次新股']
002826,易明医药,['次新股']
002827,高争民爆,['次新股']
002828,贝肯能源,['次新股']
002829,星网宇达,['次新股']
002830,名雕股份,['次新股']
002831,裕同科技,['次新股']
002832,比音勒芬,['次新股']
002833,弘亚数控,['次新股']
002835,同为股份,['次新股']
002836,新宏泽,['次新股']
002837,英维克,['次新股']
002838,道恩股份,['次新股']
002840,华统股份,['次新股']
200011,深物业B,['其它行业']
200012,南 玻Ｂ,['其它行业']
200016,深康佳Ｂ,['其它行业']
200017,深中华B,['其它行业']
200018,神州B,['其它行业']
200019,深深宝Ｂ,['其它行业']
200020,深华发Ｂ,['其它行业']
200022,深赤湾Ｂ,['其它行业']
200025,特 力Ｂ,['其它行业']
200026,飞亚达Ｂ,['其它行业']
200028,一致Ｂ,['其它行业']
200029,深深房Ｂ,['其它行业']
200030,富奥B,['其它行业']
200037,*ST南电B,['其它行业']
200045,深纺织Ｂ,['其它行业']
200053,深基地Ｂ,['其它行业']
200054,建摩B,['其它行业']
200055,方大Ｂ,['其它行业']
200056,皇庭B,['其它行业']
200058,深赛格B,['其它行业']
200152,山 航Ｂ,['其它行业']
200160,南江B,['其它行业']
200168,舜喆B,['其它行业']
200413,东旭B,['其它行业']
200418,小天鹅Ｂ,['其它行业']
200429,粤高速Ｂ,['其它行业']
200468,*ST宁通B,['其它行业']
200488,晨 鸣Ｂ,['其它行业']
200505,*ST珠江B,['其它行业']
200512,闽灿坤Ｂ,['其它行业']
200521,皖美菱Ｂ,['其它行业']
200530,大 冷Ｂ,['其它行业']
200539,粤电力Ｂ,['其它行业']
200541,粤照明Ｂ,['其它行业']
200550,江 铃Ｂ,['其它行业']
200553,沙隆达Ｂ,['其它行业']
200570,苏常柴Ｂ,['其它行业']
200581,苏威孚Ｂ,['其它行业']
200596,古井贡Ｂ,['其它行业']
200613,大东海B,['其它行业']
200625,长 安Ｂ,['其它行业']
200706,*ST瓦轴B,['其它行业']
200725,京东方Ｂ,['其它行业']
200726,鲁 泰Ｂ,['其它行业']
200761,本钢板Ｂ,['其它行业']
200771,杭汽轮Ｂ,['其它行业']
200869,张 裕Ｂ,['其它行业']
200986,粤华包Ｂ,['其它行业']
200992,中 鲁Ｂ,['其它行业']
300001,特锐德,['发电设备']
300002,神州泰岳,['电子信息']
300003,乐普医疗,['医疗器械']
300004,南风股份,['发电设备']
300005,探路者,['服装鞋类']
300006,莱美药业,['生物制药']
300007,汉威电子,['仪器仪表']
300008,天海防务,['船舶制造']
300009,安科生物,['生物制药']
300010,立思辰,['电子信息']
300011,鼎汉技术,['交通运输']
300012,华测检测,['仪器仪表']
300013,新宁物流,['交通运输']
300014,亿纬锂能,['电子器件']
300015,爱尔眼科,['医疗器械']
300016,北陆药业,['生物制药']
300017,网宿科技,['电子信息']
300018,中元股份,['发电设备']
300019,硅宝科技,['化工行业']
300020,银江股份,['电子信息']
300021,大禹节水,['农林牧渔']
300022,吉峰农机,['商业百货']
300023,宝德股份,['机械行业']
300024,机器人,['机械行业']
300025,华星创业,['电子信息']
300026,红日药业,['生物制药']
300027,华谊兄弟,['传媒娱乐']
300028,金亚科技,['电子信息']
300029,天龙光电,['电子器件']
300030,阳普医疗,['医疗器械']
300031,宝通科技,['化工行业']
300032,金龙机电,['电子器件']
300033,同花顺,['电子信息']
300034,钢研高纳,['有色金属']
300035,中科电气,['机械行业']
300036,超图软件,['电子信息']
300037,新宙邦,['化工行业']
300038,梅泰诺,['电子信息']
300039,上海凯宝,['生物制药']
300040,九洲电气,['发电设备']
300041,回天新材,['化工行业']
300042,朗科科技,['电子信息']
300044,赛为智能,['电子信息']
300045,华力创通,['电子信息']
300046,台基股份,['电子器件']
300047,天源迪科,['电子信息']
300048,合康新能,['发电设备']
300049,福瑞股份,['生物制药']
300050,世纪鼎利,['电子信息']
300051,三五互联,['电子信息']
300052,中青宝,['电子信息']
300053,欧比特,['电子器件']
300054,鼎龙股份,['化工行业']
300055,万邦达,['环保行业']
300056,三维丝,['机械行业']
300057,万顺股份,['印刷包装']
300058,蓝色光标,['印刷包装']
300059,东方财富,['电子信息']
300061,康耐特,['医疗器械']
300062,中能电气,['发电设备']
300063,天龙集团,['化工行业']
300064,豫金刚石,['其它行业']
300065,海兰信,['电子信息']
300066,三川智慧,['仪器仪表']
300067,安诺其,['化工行业']
300068,南都电源,['电器行业']
300069,金利华电,['发电设备']
300070,碧水源,['环保行业']
300071,华谊嘉信,['印刷包装']
300072,三聚环保,['化工行业']
300073,当升科技,['其它行业']
300074,华平股份,['电子信息']
300075,数字政通,['电子信息']
300076,GQY视讯,['电子信息']
300077,国民技术,['电子器件']
300078,思创医惠,['电子器件']
300079,数码视讯,['电子信息']
300080,易成新能,['建筑建材']
300081,恒信移动,['电子信息']
300082,奥克股份,['化工行业']
300083,劲胜精密,['电子器件']
300084,海默科技,['石油行业']
300085,银之杰,['电子信息']
300086,康芝药业,['生物制药']
300087,荃银高科,['农林牧渔']
300088,长信科技,['电子器件']
300089,文化长城,['陶瓷行业']
300090,盛运环保,['机械行业']
300091,金通灵,['机械行业']
300092,科新机电,['机械行业']
300093,金刚玻璃,['玻璃行业']
300094,国联水产,['农林牧渔']
300095,华伍股份,['机械行业']
300096,易联众,['电子信息']
300097,智云股份,['仪器仪表']
300098,高新兴,['电子信息']
300099,尤洛卡,['仪器仪表']
300100,双林股份,['汽车制造']
300101,振芯科技,['电子信息']
300102,乾照光电,['电子器件']
300103,达刚路机,['机械行业']
300104,乐视网,['电子信息']
300105,龙源技术,['仪器仪表']
300106,西部牧业,['农林牧渔']
300107,建新股份,['化工行业']
300108,双龙股份,['化工行业']
300109,新开源,['化工行业']
300110,华仁药业,['生物制药']
300111,向日葵,['电子器件']
300112,万讯自控,['仪器仪表']
300113,顺网科技,['电子信息']
300114,中航电测,['电子器件']
300115,长盈精密,['电子器件']
300116,坚瑞沃能,['机械行业']
300117,嘉寓股份,['建筑建材']
300118,东方日升,['电子器件']
300119,瑞普生物,['生物制药']
300120,经纬电材,['发电设备']
300121,阳谷华泰,['化工行业']
300122,智飞生物,['生物制药']
300123,太阳鸟,['船舶制造']
300124,汇川技术,['仪器仪表']
300125,易世达,['发电设备']
300126,锐奇股份,['机械行业']
300127,银河磁体,['电子器件']
300128,锦富新材,['电子器件']
300129,泰胜风能,['发电设备']
300130,新国都,['电子信息']
300131,英唐智控,['电子器件']
300132,青松股份,['化工行业']
300133,华策影视,['传媒娱乐']
300134,大富科技,['电子信息']
300135,宝利国际,['化工行业']
300136,信维通信,['电子信息']
300137,先河环保,['仪器仪表']
300138,晨光生物,['食品行业']
300139,晓程科技,['电子器件']
300140,启源装备,['电器行业']
300141,和顺电气,['发电设备']
300142,沃森生物,['生物制药']
300143,星河生物,['农林牧渔']
300144,宋城演艺,['酒店旅游']
300145,中金环境,['机械行业']
300146,汤臣倍健,['食品行业']
300147,香雪制药,['生物制药']
300148,天舟文化,['传媒娱乐']
300149,量子高科,['食品行业']
300150,世纪瑞尔,['电子信息']
300151,昌红科技,['机械行业']
300152,科融环境,['机械行业']
300153,科泰电源,['发电设备']
300154,瑞凌股份,['电子器件']
300155,安居宝,['电子器件']
300156,神雾环保,['环保行业']
300157,恒泰艾普,['石油行业']
300158,振东制药,['生物制药']
300159,新研股份,['机械行业']
300160,秀强股份,['玻璃行业']
300161,华中数控,['机械行业']
300162,雷曼股份,['电子器件']
300163,先锋新材,['建筑建材']
300164,通源石油,['石油行业']
300165,天瑞仪器,['仪器仪表']
300166,东方国信,['电子信息']
300167,迪威视讯,['电子信息']
300168,万达信息,['电子信息']
300169,天晟新材,['塑料制品']
300170,汉得信息,['电子信息']
300171,东富龙,['医疗器械']
300172,中电环保,['环保行业']
300173,智慧松德,['机械行业']
300174,元力股份,['化工行业']
300175,朗源股份,['食品行业']
300176,鸿特精密,['汽车制造']
300177,中海达,['电子信息']
300178,腾邦国际,['酒店旅游']
300179,四方达,['其它行业']
300180,华峰超纤,['化纤行业']
300181,佐力药业,['生物制药']
300182,捷成股份,['电子信息']
300183,东软载波,['电子信息']
300184,力源信息,['电子器件']
300185,通裕重工,['机械行业']
300187,永清环保,['环保行业']
300188,美亚柏科,['电子信息']
300189,神农基因,['农林牧渔']
300190,维尔利,['环保行业']
300191,潜能恒信,['石油行业']
300192,科斯伍德,['化工行业']
300193,佳士科技,['机械行业']
300194,福安药业,['生物制药']
300195,长荣股份,['机械行业']
300196,长海股份,['玻璃行业']
300197,铁汉生态,['环保行业']
300198,纳川股份,['塑料制品']
300199,翰宇药业,['生物制药']
300200,高盟新材,['化工行业']
300201,海伦哲,['机械行业']
300202,聚龙股份,['机械行业']
300203,聚光科技,['仪器仪表']
300204,舒泰神,['生物制药']
300205,天喻信息,['电子器件']
300206,理邦仪器,['医疗器械']
300207,欣旺达,['电子器件']
300208,恒顺众昇,['发电设备']
300209,天泽信息,['电子信息']
300210,森远股份,['机械行业']
300211,亿通科技,['电子信息']
300212,易华录,['电子信息']
300213,佳讯飞鸿,['电子信息']
300214,日科化学,['化工行业']
300215,电科院,['电子器件']
300216,千山药机,['医疗器械']
300217,东方电热,['电器行业']
300218,安利股份,['塑料制品']
300219,鸿利智汇,['电子器件']
300220,金运激光,['电子器件']
300221,银禧科技,['塑料制品']
300222,科大智能,['电器行业']
300223,北京君正,['电子器件']
300224,正海磁材,['电子器件']
300225,金力泰,['化工行业']
300226,上海钢联,['电子信息']
300227,光韵达,['电子器件']
300228,富瑞特装,['机械行业']
300229,拓尔思,['电子信息']
300230,永利股份,['塑料制品']
300231,银信科技,['电子信息']
300232,洲明科技,['电子器件']
300233,金城医药,['生物制药']
300234,开尔新材,['陶瓷行业']
300235,方直科技,['电子信息']
300236,上海新阳,['化工行业']
300237,美晨科技,['化工行业']
300238,冠昊生物,['医疗器械']
300239,东宝生物,['生物制药']
300240,飞力达,['交通运输']
300241,瑞丰光电,['电子器件']
300242,明家联合,['电子器件']
300243,瑞丰高材,['化工行业']
300244,迪安诊断,['医疗器械']
300245,天玑科技,['电子信息']
300246,宝莱特,['医疗器械']
300247,乐金健康,['医疗器械']
300248,新开普,['电子信息']
300249,依米康,['机械行业']
300250,初灵信息,['电子信息']
300251,光线传媒,['传媒娱乐']
300252,金信诺,['电器行业']
300253,卫宁健康,['电子信息']
300254,仟源医药,['生物制药']
300255,常山药业,['生物制药']
300256,星星科技,['电子器件']
300257,开山股份,['机械行业']
300258,精锻科技,['汽车制造']
300259,新天科技,['仪器仪表']
300260,新莱应材,['机械行业']
300261,雅本化学,['农药化肥']
300262,巴安水务,['环保行业']
300263,隆华节能,['机械行业']
300264,佳创视讯,['电子信息']
300265,通光线缆,['电器行业']
300266,兴源环境,['机械行业']
300267,尔康制药,['生物制药']
300268,万福生科,['农林牧渔']
300269,联建光电,['电子器件']
300270,中威电子,['电子信息']
300271,华宇软件,['电子信息']
300272,开能环保,['机械行业']
300273,和佳股份,['医疗器械']
300274,阳光电源,['电器行业']
300275,梅安森,['电子信息']
300276,三丰智能,['机械行业']
300277,海联讯,['电子信息']
300278,华昌达,['机械行业']
300279,和晶科技,['电子器件']
300280,南通锻压,['机械行业']
300281,金明精机,['机械行业']
300282,汇冠股份,['电子信息']
300283,温州宏丰,['电器行业']
300284,苏交科,['建筑建材']
300285,国瓷材料,['化工行业']
300286,安科瑞,['仪器仪表']
300287,飞利信,['电子信息']
300288,朗玛信息,['电子信息']
300289,利德曼,['生物制药']
300290,荣科科技,['电子信息']
300291,华录百纳,['传媒娱乐']
300292,吴通控股,['电子信息']
300293,蓝英装备,['机械行业']
300294,博雅生物,['生物制药']
300295,三六五网,['电子信息']
300296,利亚德,['电子器件']
300297,蓝盾股份,['电子信息']
300298,三诺生物,['医疗器械']
300299,富春通信,['电子信息']
300300,汉鼎宇佑,['电子信息']
300301,长方集团,['电子器件']
300302,同有科技,['电子信息']
300303,聚飞光电,['电子器件']
300304,云意电气,['汽车制造']
300305,裕兴股份,['塑料制品']
300306,远方光电,['仪器仪表']
300307,慈星股份,['机械行业']
300308,中际装备,['机械行业']
300309,吉艾科技,['机械行业']
300310,宜通世纪,['电子信息']
300311,任子行,['电子信息']
300312,邦讯技术,['电子信息']
300313,天山生物,['农林牧渔']
300314,戴维医疗,['医疗器械']
300315,掌趣科技,['电子信息']
300316,晶盛机电,['机械行业']
300317,珈伟股份,['电子器件']
300318,博晖创新,['医疗器械']
300319,麦捷科技,['电子器件']
300320,海达股份,['化工行业']
300321,同大股份,['塑料制品']
300322,硕贝德,['电子信息']
300323,华灿光电,['电子器件']
300324,旋极信息,['电子信息']
300325,德威新材,['塑料制品']
300326,凯利泰,['医疗器械']
300327,中颖电子,['电子器件']
300330,华虹计通,['电子信息']
300331,苏大维格,['电子器件']
300332,天壕环境,['环保行业']
300333,兆日科技,['电子信息']
300334,津膜科技,['机械行业']
300335,迪森股份,['环保行业']
300336,新文化,['传媒娱乐']
300338,开元仪器,['仪器仪表']
300339,润和软件,['电子信息']
300340,科恒股份,['电子器件']
300341,麦迪电气,['发电设备']
300342,天银机电,['电子器件']
300343,联创互联,['化工行业']
300344,太空板业,['建筑建材']
300345,红宇新材,['钢铁行业']
300346,南大光电,['电子器件']
300347,泰格医药,['医疗器械']
300348,长亮科技,['电子信息']
300349,金卡股份,['仪器仪表']
300350,华鹏飞,['交通运输']
300351,永贵电器,['电子器件']
300352,北信源,['电子信息']
300353,东土科技,['电子信息']
300354,东华测试,['仪器仪表']
300355,蒙草生态,['环保行业']
300356,光一科技,['电器行业']
300357,我武生物,['生物制药']
300358,楚天科技,['机械行业']
300359,全通教育,['电子信息']
300360,炬华科技,['仪器仪表']
300362,天翔环境,['机械行业']
300363,博腾股份,['生物制药']
300364,中文在线,['传媒娱乐']
300365,恒华科技,['电子信息']
300366,创意信息,['电子信息']
300367,东方网力,['电子信息']
300368,汇金股份,['机械行业']
300369,绿盟科技,['电子信息']
300370,安控科技,['仪器仪表']
300371,汇中股份,['仪器仪表']
300372,欣泰电气,['发电设备']
300373,扬杰科技,['电子器件']
300374,恒通科技,['建筑建材']
300375,鹏翎股份,['汽车制造']
300376,易事特,['电器行业']
300377,赢时胜,['电子信息']
300378,鼎捷软件,['电子信息']
300379,东方通,['电子信息']
300380,安硕信息,['电子信息']
300381,溢多利,['农林牧渔']
300382,斯莱克,['机械行业']
300383,光环新网,['电子信息']
300384,三联虹普,['纺织机械']
300385,雪浪环境,['机械行业']
300386,飞天诚信,['电子信息']
300387,富邦股份,['化工行业']
300388,国祯环保,['环保行业']
300389,艾比森,['电子器件']
300390,天华超净,['电子信息']
300391,康跃科技,['机械行业']
300392,腾信股份,['电子信息']
300393,中来股份,['塑料制品']
300394,天孚通信,['电子信息']
300395,菲利华,['玻璃行业']
300396,迪瑞医疗,['医疗器械']
300397,天和防务,['电子信息']
300398,飞凯材料,['化工行业']
300399,京天利,['电子信息']
300400,劲拓股份,['机械行业']
300401,花园生物,['食品行业']
300402,宝色股份,['机械行业']
300403,地尔汉宇,['电器行业']
300404,博济医药,['医疗器械']
300405,科隆精化,['化工行业']
300406,九强生物,['生物制药']
300407,凯发电气,['电器行业']
300408,三环集团,['电子器件']
300409,道氏技术,['陶瓷行业']
300410,正业科技,['仪器仪表']
300411,金盾股份,['机械行业']
300412,迦南科技,['医疗器械']
300413,快乐购,['商业百货']
300414,中光防雷,['电子器件']
300415,伊之密,['机械行业']
300416,苏试试验,['仪器仪表']
300417,南华仪器,['仪器仪表']
300418,昆仑万维,['电子信息']
300419,浩丰科技,['电子信息']
300420,五洋科技,['机械行业']
300421,力星股份,['机械行业']
300422,博世科,['环保行业']
300423,鲁亿通,['电力行业']
300424,航新科技,['飞机制造']
300425,环能科技,['机械行业']
300426,唐德影视,['传媒娱乐']
300427,红相电力,['机械行业']
300429,强力新材,['化工行业']
300430,诚益通,['仪器仪表']
300431,暴风集团,['电子信息']
300432,富临精工,['汽车制造']
300433,蓝思科技,['电子器件']
300434,金石东方,['机械行业']
300435,中泰股份,['机械行业']
300436,广生堂,['生物制药']
300437,清水源,['化工行业']
300438,鹏辉能源,['电器行业']
300439,美康生物,['生物制药']
300440,运达科技,['电子信息']
300441,鲍斯股份,['机械行业']
300442,普丽盛,['机械行业']
300443,金雷风电,['机械行业']
300444,双杰电气,['发电设备']
300445,康斯特,['仪器仪表']
300446,乐凯新材,['化工行业']
300447,全信股份,['电器行业']
300448,浩云科技,['电子信息']
300449,汉邦高科,['电子信息']
300450,先导智能,['其它行业']
300451,创业软件,['其它行业']
300452,山河药辅,['其它行业']
300453,三鑫医疗,['其它行业']
300455,康拓红外,['其它行业']
300456,耐威科技,['其它行业']
300457,赢合科技,['其它行业']
300458,全志科技,['其它行业']
300459,金科娱乐,['其它行业']
300460,惠伦晶体,['其它行业']
300461,田中精机,['其它行业']
300462,华铭智能,['其它行业']
300463,迈克生物,['其它行业']
300465,高伟达,['其它行业']
300466,赛摩电气,['其它行业']
300467,迅游科技,['其它行业']
300468,四方精创,['其它行业']
300561,汇金科技,['次新股']
300562,乐心医疗,['次新股']
300563,神宇股份,['次新股']
300565,科信技术,['次新股']
300566,激智科技,['次新股']
300567,精测电子,['次新股']
300568,星源材质,['次新股']
300569,天能重工,['次新股']
300570,太辰光,['次新股']
300571,平治信息,['次新股']
300572,安车检测,['次新股']
300573,兴齐眼药,['次新股']
300575,中旗股份,['次新股']
300576,容大感光,['次新股']
300577,开润股份,['次新股']
300579,数字认证,['次新股']
300580,贝斯特,['次新股']
300581,晨曦航空,['次新股']
300582,英飞特,['次新股']
300583,赛托生物,['次新股']
300584,海辰药业,['次新股']
300585,奥联电子,['次新股']
300586,美联新材,['次新股']
300587,天铁股份,['次新股']
300588,熙菱信息,['次新股']
300589,N江龙,['次新股']
300590,移为通信,['次新股']
300591,万里马,['次新股']
300593,N新雷能,['次新股']
600000,浦发银行,['金融行业']
600004,白云机场,['交通运输']
600005,武钢股份,['钢铁行业']
600006,东风汽车,['汽车制造']
600007,中国国贸,['开发区']
600008,首创股份,['环保行业']
600009,上海机场,['交通运输']
600010,包钢股份,['钢铁行业']
600011,华能国际,['电力行业']
600012,皖通高速,['公路桥梁']
600015,华夏银行,['金融行业']
600016,民生银行,['金融行业']
600017,日照港,['交通运输']
600018,上港集团,['交通运输']
600019,宝钢股份,['钢铁行业']
600020,中原高速,['公路桥梁']
600021,上海电力,['电力行业']
600022,山东钢铁,['钢铁行业']
600023,浙能电力,['电力行业']
600026,中远海能,['交通运输']
600027,华电国际,['电力行业']
600028,中国石化,['石油行业']
600029,南方航空,['交通运输']
600030,中信证券,['金融行业']
600031,三一重工,['机械行业']
600033,福建高速,['公路桥梁']
600035,楚天高速,['公路桥梁']
600036,招商银行,['金融行业']
600037,歌华有线,['传媒娱乐']
600038,中直股份,['飞机制造']
600039,四川路桥,['建筑建材']
600048,保利地产,['房地产']
600050,中国联通,['电子信息']
600051,宁波联合,['综合行业']
600052,浙江广厦,['房地产']
600053,九鼎投资,['房地产']
600054,黄山旅游,['酒店旅游']
600055,万东医疗,['医疗器械']
600056,中国医药,['商业百货']
600057,象屿股份,['交通运输']
600058,五矿发展,['物资外贸']
600059,古越龙山,['酿酒行业']
600060,海信电器,['家电行业']
600061,国投安信,['化纤行业']
600062,华润双鹤,['生物制药']
600063,皖维高新,['化纤行业']
600064,南京高科,['开发区']
600066,宇通客车,['汽车制造']
600067,冠城大通,['房地产']
600068,葛洲坝,['建筑建材']
600069,银鸽投资,['造纸行业']
600070,浙江富润,['纺织行业']
600072,钢构工程,['船舶制造']
600073,上海梅林,['食品行业']
600074,保千里,['电子信息']
600075,新疆天业,['化工行业']
600076,康欣新材,['电子信息']
600077,宋都股份,['房地产']
600078,澄星股份,['化工行业']
600079,人福医药,['生物制药']
600080,金花股份,['生物制药']
600081,东风科技,['汽车制造']
600082,海泰发展,['房地产']
600083,博信股份,['电子器件']
600084,中葡股份,['酿酒行业']
600085,同仁堂,['生物制药']
600086,东方金钰,['服装鞋类']
600088,中视传媒,['传媒娱乐']
600089,特变电工,['发电设备']
600090,同济堂,['酿酒行业']
600091,ST明科,['化工行业']
600093,禾嘉股份,['汽车制造']
600094,大名城,['房地产']
600095,哈高科,['房地产']
600096,云天化,['农药化肥']
600097,开创国际,['农林牧渔']
600098,广州发展,['电力行业']
600099,林海股份,['摩托车']
600100,同方股份,['电子信息']
600101,明星电力,['电力行业']
600103,青山纸业,['造纸行业']
600104,上汽集团,['汽车制造']
600105,永鼎股份,['电子信息']
600106,重庆路桥,['公路桥梁']
600107,美尔雅,['服装鞋类']
600108,亚盛集团,['农林牧渔']
600109,国金证券,['金融行业']
600110,诺德股份,['电力行业']
600111,北方稀土,['有色金属']
600112,天成控股,['电器行业']
600113,浙江东日,['房地产']
600114,东睦股份,['机械行业']
600115,东方航空,['交通运输']
600116,三峡水利,['电力行业']
600117,西宁特钢,['钢铁行业']
600118,中国卫星,['飞机制造']
600119,长江投资,['交通运输']
600120,浙江东方,['物资外贸']
600121,郑州煤电,['煤炭行业']
600122,宏图高科,['商业百货']
600123,兰花科创,['煤炭行业']
600125,铁龙物流,['交通运输']
600126,杭钢股份,['钢铁行业']
600127,金健米业,['农林牧渔']
600128,弘业股份,['物资外贸']
600129,太极集团,['生物制药']
600130,波导股份,['电子信息']
600131,岷江水电,['电力行业']
600132,重庆啤酒,['酿酒行业']
600133,东湖高新,['房地产']
600135,乐凯胶片,['化工行业']
600136,当代明诚,['商业百货']
600137,浪莎股份,['服装鞋类']
600138,中青旅,['酒店旅游']
600139,西部资源,['有色金属']
600141,兴发集团,['化工行业']
600143,金发科技,['塑料制品']
600145,*ST新亿,['陶瓷行业']
600146,商赢环球,['塑料制品']
600148,长春一东,['汽车制造']
600149,廊坊发展,['机械行业']
600150,中国船舶,['船舶制造']
600151,航天机电,['电子器件']
600152,维科精华,['纺织行业']
600153,建发股份,['物资外贸']
600155,宝硕股份,['化工行业']
600156,华升股份,['纺织行业']
600157,永泰能源,['煤炭行业']
600159,大龙地产,['房地产']
600160,巨化股份,['化工行业']
600161,天坛生物,['生物制药']
600162,香江控股,['房地产']
600163,中闽能源,['造纸行业']
600165,新日恒力,['钢铁行业']
600166,福田汽车,['汽车制造']
600167,联美控股,['供水供气']
600168,武汉控股,['供水供气']
600169,太原重工,['机械行业']
600170,上海建工,['建筑建材']
600171,上海贝岭,['电子器件']
600172,黄河旋风,['其它行业']
600173,卧龙地产,['房地产']
600175,美都能源,['房地产']
600176,中国巨石,['玻璃行业']
600177,雅戈尔,['服装鞋类']
600178,东安动力,['汽车制造']
600179,安通控股,['煤炭行业']
600180,瑞茂通,['交通运输']
600182,S佳通,['汽车制造']
600183,生益科技,['电子器件']
600184,光电股份,['玻璃行业']
600185,格力地产,['房地产']
600186,莲花健康,['食品行业']
600187,国中水务,['供水供气']
600188,兖州煤业,['煤炭行业']
600189,吉林森工,['农林牧渔']
600190,锦州港,['交通运输']
600191,华资实业,['食品行业']
600192,长城电工,['发电设备']
600193,创兴资源,['钢铁行业']
600195,中牧股份,['农林牧渔']
600196,复星医药,['生物制药']
600197,伊力特,['酿酒行业']
600198,大唐电信,['电子信息']
600199,金种子酒,['酿酒行业']
600200,江苏吴中,['生物制药']
600201,生物股份,['生物制药']
600202,哈空调,['电器行业']
600203,福日电子,['电子器件']
600206,有研新材,['电子器件']
600207,安彩高科,['电子器件']
600208,新湖中宝,['房地产']
600209,罗顿发展,['综合行业']
600210,紫江企业,['印刷包装']
600211,西藏药业,['生物制药']
600212,*ST江泉,['综合行业']
600213,亚星客车,['汽车制造']
600215,长春经开,['开发区']
600216,浙江医药,['生物制药']
600217,中再资环,['水泥行业']
600218,全柴动力,['机械行业']
600219,南山铝业,['有色金属']
600220,江苏阳光,['纺织行业']
600221,海南航空,['交通运输']
600222,太龙药业,['生物制药']
600223,鲁商置业,['房地产']
600225,天津松江,['房地产']
600226,升华拜克,['农药化肥']
600227,赤天化,['农药化肥']
600228,昌九生化,['化工行业']
600229,城市传媒,['化工行业']
600230,*ST沧大,['农药化肥']
600231,凌钢股份,['钢铁行业']
600232,金鹰股份,['纺织行业']
600233,圆通速递,['服装鞋类']
600234,*ST山水,['传媒娱乐']
600235,民丰特纸,['造纸行业']
600236,桂冠电力,['电力行业']
600237,铜峰电子,['电子器件']
600238,海南椰岛,['酿酒行业']
600239,云南城投,['房地产']
600240,华业资本,['房地产']
600241,时代万恒,['物资外贸']
600242,中昌数据,['交通运输']
600243,青海华鼎,['机械行业']
600246,万通地产,['房地产']
600247,ST成城,['物资外贸']
600248,延长化建,['建筑建材']
600249,两面针,['化工行业']
600250,南纺股份,['物资外贸']
600251,冠农股份,['农林牧渔']
600252,中恒集团,['生物制药']
600255,鑫科材料,['有色金属']
600256,广汇能源,['综合行业']
600257,大湖股份,['农林牧渔']
600258,首旅酒店,['酒店旅游']
600259,广晟有色,['有色金属']
600260,凯乐科技,['食品行业']
600261,阳光照明,['家电行业']
600262,北方股份,['机械行业']
600265,*ST景谷,['农林牧渔']
600266,北京城建,['房地产']
600267,海正药业,['生物制药']
600268,国电南自,['发电设备']
600269,赣粤高速,['公路桥梁']
600270,外运发展,['交通运输']
600271,航天信息,['电子信息']
600272,开开实业,['服装鞋类']
600273,嘉化能源,['化工行业']
600275,武昌鱼,['农林牧渔']
600276,恒瑞医药,['生物制药']
600277,亿利洁能,['化工行业']
600278,东方创业,['物资外贸']
600279,重庆港九,['交通运输']
600280,中央商场,['商业百货']
600281,太化股份,['化工行业']
600282,南钢股份,['钢铁行业']
600283,钱江水利,['供水供气']
600284,浦东建设,['建筑建材']
600285,羚锐制药,['生物制药']
600287,江苏舜天,['物资外贸']
600288,大恒科技,['电子信息']
600289,亿阳信通,['电子信息']
600290,华仪电气,['发电设备']
600291,西水股份,['金融行业']
600292,远达环保,['环保行业']
600293,三峡新材,['玻璃行业']
600295,鄂尔多斯,['服装鞋类']
600297,广汇汽车,['医疗器械']
600298,安琪酵母,['食品行业']
600299,安迪苏,['化工行业']
600300,维维股份,['食品行业']
600301,*ST南化,['化工行业']
600302,标准股份,['纺织机械']
600303,曙光股份,['汽车制造']
600305,恒顺醋业,['食品行业']
600306,*ST商城,['商业百货']
600307,酒钢宏兴,['钢铁行业']
600308,华泰股份,['造纸行业']
600309,万华化学,['化工行业']
600310,桂东电力,['电力行业']
600311,荣华实业,['有色金属']
600312,平高电气,['发电设备']
600313,农发种业,['农林牧渔']
600315,上海家化,['化工行业']
600316,洪都航空,['飞机制造']
600317,营口港,['交通运输']
600318,新力金融,['水泥行业']
600319,*ST亚星,['化工行业']
600320,振华重工,['机械行业']
600321,国栋建设,['建筑建材']
600322,天房发展,['房地产']
600323,瀚蓝环境,['供水供气']
600325,华发股份,['房地产']
600326,西藏天路,['建筑建材']
600327,大东方,['商业百货']
600328,兰太实业,['化工行业']
600329,中新药业,['生物制药']
600330,天通股份,['电子信息']
600331,宏达股份,['有色金属']
600332,白云山,['生物制药']
600333,长春燃气,['供水供气']
600335,国机汽车,['汽车制造']
600336,澳柯玛,['家电行业']
600337,美克家居,['家具行业']
600338,西藏珠峰,['有色金属']
600339,*ST天利,['化工行业']
600340,华夏幸福,['房地产']
600343,航天动力,['飞机制造']
600345,长江通信,['电子信息']
600346,恒力股份,['机械行业']
600348,阳泉煤业,['煤炭行业']
600350,山东高速,['公路桥梁']
600351,亚宝药业,['生物制药']
600352,浙江龙盛,['化工行业']
600353,旭光股份,['电子器件']
600354,敦煌种业,['农林牧渔']
600355,精伦电子,['电子器件']
600356,恒丰纸业,['造纸行业']
600358,国旅联合,['酒店旅游']
600359,新农开发,['农林牧渔']
600360,华微电子,['电子器件']
600361,华联综超,['商业百货']
600362,江西铜业,['有色金属']
600363,联创光电,['电子器件']
600365,通葡股份,['酿酒行业']
600366,宁波韵升,['仪器仪表']
600367,红星发展,['化工行业']
600368,五洲交通,['公路桥梁']
600369,西南证券,['金融行业']
600370,三房巷,['纺织行业']
600371,万向德农,['农林牧渔']
600372,中航电子,['飞机制造']
600373,中文传媒,['传媒娱乐']
600375,*ST星马,['汽车制造']
600376,首开股份,['房地产']
600377,宁沪高速,['公路桥梁']
600378,天科股份,['化工行业']
600379,宝光股份,['电器行业']
600380,健康元,['生物制药']
600381,青海春天,['煤炭行业']
600382,广东明珠,['物资外贸']
600383,金地集团,['房地产']
600386,北巴传媒,['交通运输']
600387,海越股份,['石油行业']
600388,龙净环保,['机械行业']
600389,江山股份,['农药化肥']
600390,*ST金瑞,['有色金属']
600391,成发科技,['飞机制造']
600393,粤泰股份,['房地产']
600395,盘江股份,['煤炭行业']
600396,金山股份,['电力行业']
600397,安源煤业,['煤炭行业']
600398,海澜之家,['服装鞋类']
600399,抚顺特钢,['钢铁行业']
600400,红豆股份,['服装鞋类']
600401,海润光伏,['电子器件']
600403,大有能源,['煤炭行业']
600405,动力源,['电器行业']
600406,国电南瑞,['电子信息']
600408,安泰集团,['煤炭行业']
600409,三友化工,['化工行业']
600410,华胜天成,['电子信息']
600415,小商品城,['商业百货']
600416,湘电股份,['发电设备']
600418,江淮汽车,['汽车制造']
600419,天润乳业,['食品行业']
600420,现代制药,['生物制药']
600421,仰帆控股,['机械行业']
600422,昆药集团,['生物制药']
600423,柳化股份,['农药化肥']
600425,青松建化,['水泥行业']
600426,华鲁恒升,['农药化肥']
600428,中远海特,['交通运输']
600429,三元股份,['食品行业']
600432,*ST吉恩,['有色金属']
600433,冠豪高新,['造纸行业']
600435,北方导航,['机械行业']
600436,片仔癀,['生物制药']
600438,通威股份,['农林牧渔']
600439,瑞贝卡,['服装鞋类']
600444,国机通用,['塑料制品']
600446,金证股份,['电子信息']
600448,华纺股份,['纺织行业']
600449,宁夏建材,['水泥行业']
600452,涪陵电力,['电力行业']
600455,博通股份,['电子信息']
600456,宝钛股份,['有色金属']
600458,时代新材,['塑料制品']
600459,贵研铂业,['有色金属']
600460,士兰微,['电子器件']
600461,洪城水业,['供水供气']
600462,九有股份,['造纸行业']
600463,空港股份,['房地产']
600466,蓝光发展,['生物制药']
600467,好当家,['农林牧渔']
600468,百利电气,['电器行业']
600469,风神股份,['汽车制造']
600470,六国化工,['农药化肥']
600475,华光股份,['机械行业']
600476,湘邮科技,['电子信息']
600477,杭萧钢构,['钢铁行业']
600478,科力远,['电子器件']
600479,千金药业,['生物制药']
600480,凌云股份,['汽车制造']
600481,双良节能,['化工行业']
600482,中国动力,['电器行业']
600483,福能股份,['电力行业']
600485,信威集团,['电子信息']
600486,扬农化工,['农药化肥']
600487,亨通光电,['电子信息']
600488,天药股份,['生物制药']
600489,中金黄金,['有色金属']
600490,鹏欣资源,['化工行业']
600491,龙元建设,['建筑建材']
600493,凤竹纺织,['纺织行业']
600495,晋西车轴,['交通运输']
600496,精工钢构,['钢铁行业']
600497,驰宏锌锗,['有色金属']
600498,烽火通信,['电子信息']
600499,科达洁能,['机械行业']
600500,中化国际,['物资外贸']
600501,航天晨光,['汽车制造']
600502,安徽水利,['建筑建材']
600503,华丽家族,['房地产']
600505,西昌电力,['电力行业']
600506,香梨股份,['农林牧渔']
600507,方大特钢,['钢铁行业']
600508,上海能源,['煤炭行业']
600509,天富能源,['电力行业']
600510,黑牡丹,['房地产']
600511,国药股份,['商业百货']
600512,腾达建设,['建筑建材']
600513,联环药业,['生物制药']
600515,海航基础,['商业百货']
600516,方大炭素,['其它行业']
600517,置信电气,['发电设备']
600518,康美药业,['生物制药']
600519,贵州茅台,['酿酒行业']
600520,*ST中发,['机械行业']
600521,华海药业,['生物制药']
600522,中天科技,['电子信息']
600523,贵航股份,['汽车制造']
600525,长园集团,['发电设备']
600526,菲达环保,['机械行业']
600527,江南高纤,['化纤行业']
600528,中铁二局,['建筑建材']
600529,山东药玻,['玻璃行业']
600530,交大昂立,['生物制药']
600531,豫光金铅,['有色金属']
600532,宏达矿业,['钢铁行业']
600533,栖霞建设,['房地产']
600535,天士力,['生物制药']
600536,中国软件,['电子信息']
600537,亿晶光电,['电子器件']
600538,国发股份,['农药化肥']
600539,ST狮头,['水泥行业']
600540,新赛股份,['农林牧渔']
600543,莫高股份,['酿酒行业']
600545,新疆城建,['建筑建材']
600546,*ST山煤,['煤炭行业']
600547,山东黄金,['有色金属']
600548,深高速,['公路桥梁']
600549,厦门钨业,['有色金属']
600550,保变电气,['发电设备']
600551,时代出版,['传媒娱乐']
600552,凯盛科技,['玻璃行业']
600555,海航创新,['酒店旅游']
600556,ST慧球,['电子信息']
600557,康缘药业,['生物制药']
600558,大西洋,['钢铁行业']
600559,老白干酒,['酿酒行业']
600560,金自天正,['电器行业']
600561,江西长运,['交通运输']
600562,国睿科技,['电子信息']
600563,法拉电子,['电子器件']
600565,迪马股份,['房地产']
600566,济川药业,['生物制药']
600567,山鹰纸业,['造纸行业']
600568,中珠医疗,['房地产']
600569,安阳钢铁,['钢铁行业']
600570,恒生电子,['电子信息']
600571,信雅达,['电子信息']
600572,康恩贝,['生物制药']
600573,惠泉啤酒,['酿酒行业']
600575,皖江物流,['交通运输']
600576,万家文化,['综合行业']
600577,精达股份,['电器行业']
600578,京能电力,['电力行业']
600579,天华院,['机械行业']
600580,卧龙电气,['发电设备']
600581,*ST八钢,['钢铁行业']
600582,天地科技,['机械行业']
600583,海油工程,['石油行业']
600584,长电科技,['电子器件']
600585,海螺水泥,['水泥行业']
600586,金晶科技,['玻璃行业']
600587,新华医疗,['医疗器械']
600588,用友网络,['电子信息']
600589,广东榕泰,['塑料制品']
600590,泰豪科技,['发电设备']
600592,龙溪股份,['机械行业']
600593,大连圣亚,['酒店旅游']
600594,益佰制药,['生物制药']
600595,中孚实业,['有色金属']
600596,新安股份,['农药化肥']
600597,光明乳业,['食品行业']
600598,北大荒,['农林牧渔']
600599,熊猫金控,['化工行业']
600600,青岛啤酒,['酿酒行业']
600601,方正科技,['电子信息']
600602,云赛智联,['电子器件']
600603,*ST兴业,['综合行业']
600604,市北高新,['开发区']
600605,汇通能源,['物资外贸']
600606,绿地控股,['房地产']
600608,上海科技,['电子信息']
600609,金杯汽车,['汽车制造']
600610,中毅达,['纺织机械']
600611,大众交通,['交通运输']
600612,老凤祥,['服装鞋类']
600613,神奇制药,['生物制药']
600614,鼎立股份,['综合行业']
600615,丰华股份,['房地产']
600616,金枫酒业,['酿酒行业']
600617,国新能源,['供水供气']
600618,氯碱化工,['化工行业']
600619,海立股份,['机械行业']
600620,天宸股份,['综合行业']
600621,华鑫股份,['房地产']
600622,嘉宝集团,['综合行业']
600623,华谊集团,['汽车制造']
600624,复旦复华,['综合行业']
600626,申达股份,['纺织行业']
600628,新世界,['商业百货']
600629,华建集团,['玻璃行业']
600630,龙头股份,['纺织行业']
600633,浙报传媒,['传媒娱乐']
600634,中技控股,['建筑建材']
600635,大众公用,['供水供气']
600636,三爱富,['化工行业']
600637,东方明珠,['传媒娱乐']
600638,新黄浦,['房地产']
600639,浦东金桥,['开发区']
600640,号百控股,['酒店旅游']
600641,万业企业,['房地产']
600642,申能股份,['电力行业']
600643,爱建集团,['金融行业']
600644,乐山电力,['电力行业']
600645,中源协和,['生物制药']
600647,同达创业,['综合行业']
600648,外高桥,['开发区']
600649,城投控股,['供水供气']
600650,锦江投资,['交通运输']
600651,飞乐音响,['仪器仪表']
600652,游久游戏,['煤炭行业']
600653,申华控股,['汽车制造']
600654,中安消,['电子信息']
600655,豫园商城,['商业百货']
600656,退市博元,['综合行业']
600657,信达地产,['房地产']
600658,电子城,['开发区']
600660,福耀玻璃,['汽车制造']
600662,强生控股,['交通运输']
600663,陆家嘴,['房地产']
600664,哈药股份,['生物制药']
600665,天地源,['房地产']
600666,奥瑞德,['生物制药']
600667,太极实业,['电子器件']
600668,尖峰集团,['水泥行业']
600671,天目药业,['生物制药']
600673,东阳光科,['有色金属']
600674,川投能源,['电力行业']
600675,*ST中企,['房地产']
600676,交运股份,['汽车制造']
600677,航天通信,['电子信息']
600678,四川金顶,['水泥行业']
600680,上海普天,['电子信息']
600681,百川能源,['建筑建材']
600682,南京新百,['商业百货']
600683,京投发展,['房地产']
600684,珠江实业,['房地产']
600685,中船防务,['船舶制造']
600686,金龙汽车,['汽车制造']
600687,刚泰控股,['综合行业']
600688,上海石化,['石油行业']
600689,上海三毛,['纺织行业']
600690,青岛海尔,['家电行业']
600691,阳煤化工,['农药化肥']
600692,亚通股份,['交通运输']
600693,东百集团,['商业百货']
600694,大商股份,['商业百货']
600695,绿庭投资,['食品行业']
600696,匹凸匹,['房地产']
600697,欧亚集团,['商业百货']
600698,湖南天雁,['汽车制造']
600699,均胜电子,['汽车制造']
600701,*ST工新,['综合行业']
600702,沱牌舍得,['酿酒行业']
600703,三安光电,['电子器件']
600704,物产中大,['物资外贸']
600705,中航资本,['金融行业']
600706,曲江文旅,['酒店旅游']
600707,彩虹股份,['电子器件']
600708,光明地产,['交通运输']
600710,*ST常林,['机械行业']
600711,盛屯矿业,['有色金属']
600712,南宁百货,['商业百货']
600713,南京医药,['商业百货']
600714,金瑞矿业,['煤炭行业' '有色金属']
600715,文投控股,['汽车制造']
600716,凤凰股份,['房地产']
600717,天津港,['交通运输']
600718,东软集团,['电子信息']
600719,大连热电,['供水供气']
600720,祁连山,['水泥行业']
600721,*ST百花,['煤炭行业']
600722,金牛化工,['化工行业']
600723,首商股份,['商业百货']
600724,宁波富达,['房地产']
600725,*ST云维,['煤炭行业']
600726,华电能源,['电力行业']
600727,鲁北化工,['农药化肥']
600728,佳都科技,['电子信息']
600729,重庆百货,['商业百货']
600730,中国高科,['综合行业']
600731,湖南海利,['农药化肥']
600732,*ST新梅,['房地产']
600733,S前锋,['房地产']
600734,实达集团,['电子信息']
600735,新华锦,['纺织行业']
600736,苏州高新,['开发区']
600737,中粮屯河,['食品行业']
600738,兰州民百,['商业百货']
600739,辽宁成大,['物资外贸']
600740,山西焦化,['煤炭行业']
600741,华域汽车,['汽车制造']
600742,一汽富维,['汽车制造']
600743,华远地产,['房地产']
600744,华银电力,['电力行业']
600745,中茵股份,['房地产']
600746,江苏索普,['化工行业']
600747,大连控股,['电子器件']
600748,上实发展,['房地产']
600749,西藏旅游,['酒店旅游']
600750,江中药业,['生物制药']
600751,天海投资,['交通运输']
600753,东方银星,['商业百货']
600754,锦江股份,['酒店旅游']
600755,厦门国贸,['物资外贸']
600756,浪潮软件,['电子信息']
600757,长江传媒,['传媒娱乐']
600758,红阳能源,['供水供气']
600759,洲际油气,['石油行业']
600760,*ST黑豹,['汽车制造']
600761,安徽合力,['机械行业']
600763,通策医疗,['医疗器械']
600764,中电广通,['电子信息']
600765,中航重机,['机械行业']
600767,运盛医疗,['房地产']
600768,宁波富邦,['有色金属']
600769,祥龙电业,['电力行业']
600770,综艺股份,['综合行业']
600771,广誉远,['生物制药']
600773,西藏城投,['房地产']
600774,汉商集团,['商业百货']
600775,南京熊猫,['电子信息']
600776,东方通信,['电子信息']
600777,新潮能源,['综合行业']
600778,友好集团,['商业百货']
600779,水井坊,['酿酒行业']
600780,通宝能源,['电力行业']
600781,辅仁药业,['生物制药']
600782,新钢股份,['钢铁行业']
600783,鲁信创投,['其它行业']
600784,鲁银投资,['钢铁行业']
600785,新华百货,['商业百货']
600787,中储股份,['交通运输']
600789,鲁抗医药,['生物制药']
600790,轻纺城,['商业百货']
600791,京能置业,['房地产']
600792,云煤能源,['煤炭行业']
600793,宜宾纸业,['造纸行业']
600794,保税科技,['交通运输']
600795,国电电力,['电力行业']
600796,钱江生化,['农药化肥']
600797,浙大网新,['电子信息']
600798,宁波海运,['交通运输']
600800,天津磁卡,['综合行业']
600801,华新水泥,['水泥行业']
600802,福建水泥,['水泥行业']
600803,新奥股份,['农药化肥']
600804,鹏博士,['电子信息']
600805,悦达投资,['综合行业']
600806,*ST昆机,['机械行业']
600807,天业股份,['房地产']
600808,马钢股份,['钢铁行业']
600809,山西汾酒,['酿酒行业']
600810,神马股份,['化纤行业']
600811,东方集团,['综合行业']
600812,华北制药,['生物制药']
600814,杭州解百,['商业百货']
600815,厦工股份,['机械行业']
600816,安信信托,['金融行业']
600817,*ST宏盛,['电子器件']
600819,耀皮玻璃,['玻璃行业']
600820,隧道股份,['建筑建材']
600821,津劝业,['商业百货']
600822,上海物贸,['物资外贸']
600823,世茂股份,['房地产']
600824,益民集团,['商业百货']
600825,新华传媒,['传媒娱乐']
600826,兰生股份,['物资外贸']
600827,百联股份,['商业百货']
600828,茂业商业,['商业百货']
600829,人民同泰,['生物制药']
600830,香溢融通,['金融行业']
600831,广电网络,['传媒娱乐']
600833,第一医药,['商业百货']
600834,申通地铁,['交通运输']
600835,上海机电,['交通运输']
600836,界龙实业,['印刷包装']
600837,海通证券,['金融行业']
600838,上海九百,['商业百货']
600839,四川长虹,['家电行业']
600841,上柴股份,['机械行业']
600843,上工申贝,['纺织机械']
600844,丹化科技,['化工行业']
600845,宝信软件,['电子信息']
600846,同济科技,['综合行业']
600847,万里股份,['电器行业']
600848,上海临港,['仪器仪表']
600850,华东电脑,['电子信息']
600851,海欣股份,['纺织行业']
600853,龙建股份,['建筑建材']
600854,春兰股份,['家电行业']
600855,航天长峰,['机械行业']
600856,中天能源,['商业百货']
600857,宁波中百,['商业百货']
600858,银座股份,['商业百货']
600859,王府井,['商业百货']
600860,京城股份,['机械行业']
600861,北京城乡,['商业百货']
600862,中航高科,['房地产']
600863,内蒙华电,['电力行业']
600864,哈投股份,['电力行业']
600865,百大集团,['商业百货']
600866,*ST星湖,['食品行业']
600867,通化东宝,['生物制药']
600868,梅雁吉祥,['电力行业']
600869,智慧能源,['电力行业']
600870,厦华电子,['家电行业']
600871,石化油服,['石油行业']
600872,中炬高新,['食品行业']
600873,梅花生物,['食品行业']
600874,创业环保,['环保行业']
600875,东方电气,['发电设备']
600876,洛阳玻璃,['玻璃行业']
600877,中国嘉陵,['摩托车']
600879,航天电子,['飞机制造']
600880,博瑞传播,['印刷包装']
600881,亚泰集团,['水泥行业']
600882,广泽股份,['钢铁行业']
600883,博闻科技,['水泥行业']
600884,杉杉股份,['服装鞋类']
600885,宏发股份,['电器行业']
600886,国投电力,['电力行业']
600887,伊利股份,['食品行业']
600888,新疆众和,['有色金属']
600889,南京化纤,['化纤行业']
600890,中房股份,['房地产']
600891,秋林集团,['商业百货']
600892,大晟文化,['综合行业']
600893,中航动力,['飞机制造']
600894,广日股份,['交通运输']
600895,张江高科,['开发区']
600896,览海投资,['交通运输']
600897,厦门空港,['交通运输']
600898,三联商社,['商业百货']
600900,长江电力,['电力行业']
600909,华安证券,['次新股']
600917,重庆燃气,['供水供气']
600958,东方证券,['金融行业']
600959,江苏有线,['传媒娱乐']
600960,渤海活塞,['汽车制造']
600961,株冶集团,['有色金属']
600962,国投中鲁,['食品行业']
600963,岳阳林纸,['造纸行业']
600965,福成股份,['农林牧渔']
600966,博汇纸业,['造纸行业']
600967,北方创业,['交通运输']
600969,郴电国际,['电力行业']
600970,中材国际,['建筑建材']
600971,恒源煤电,['煤炭行业']
600973,宝胜股份,['发电设备']
600975,新五丰,['农林牧渔']
600976,健民集团,['生物制药']
600978,宜华生活,['家具行业']
600979,广安爱众,['电力行业']
600980,北矿科技,['电子器件']
600981,汇鸿集团,['物资外贸']
600982,宁波热电,['供水供气']
600983,惠而浦,['家电行业']
600984,建设机械,['机械行业']
600985,雷鸣科化,['化工行业']
600986,科达股份,['建筑建材']
600987,航民股份,['纺织行业']
600990,四创电子,['电子信息']
600992,贵绳股份,['钢铁行业']
600993,马应龙,['生物制药']
600995,文山电力,['电力行业']
600996,贵广网络,['次新股']
600997,开滦股份,['煤炭行业']
600998,九州通,['商业百货']
600999,招商证券,['金融行业']
601000,唐山港,['交通运输']
601001,大同煤业,['煤炭行业']
601002,晋亿实业,['机械行业']
601003,柳钢股份,['钢铁行业']
601005,重庆钢铁,['钢铁行业']
601006,大秦铁路,['交通运输']
601007,金陵饭店,['酒店旅游']
601008,连云港,['交通运输']
601009,南京银行,['金融行业']
601010,文峰股份,['商业百货']
601011,宝泰隆,['煤炭行业']
601012,隆基股份,['电子器件']
601015,陕西黑猫,['煤炭行业']
601016,节能风电,['电力行业']
601018,宁波港,['交通运输']
601021,春秋航空,['交通运输']
601028,玉龙股份,['钢铁行业']
601038,一拖股份,['机械行业']
601058,赛轮金宇,['汽车制造']
601088,中国神华,['煤炭行业']
601098,中南传媒,['传媒娱乐']
601099,太平洋,['金融行业']
601100,恒立液压,['机械行业']
601101,昊华能源,['煤炭行业']
601106,中国一重,['机械行业']
601107,四川成渝,['公路桥梁']
601111,中国国航,['交通运输']
601113,华鼎股份,['化纤行业']
601116,三江购物,['商业百货']
601117,中国化学,['建筑建材']
601118,海南橡胶,['化工行业']
601126,四方股份,['发电设备']
601137,博威合金,['有色金属']
601139,深圳燃气,['供水供气']
601158,重庆水务,['供水供气']
601166,兴业银行,['金融行业']
601168,西部矿业,['有色金属']
601169,北京银行,['金融行业']
601177,杭齿前进,['机械行业']
601179,中国西电,['发电设备']
601186,中国铁建,['建筑建材']
601188,龙江交通,['公路桥梁']
601198,东兴证券,['金融行业']
601199,江南水务,['供水供气']
601208,东材科技,['化工行业']
601216,君正集团,['化工行业']
601218,吉鑫科技,['机械行业']
601222,林洋能源,['仪器仪表']
601225,陕西煤业,['煤炭行业']
601226,华电重工,['机械行业']
601229,上海银行,['次新股']
601231,环旭电子,['电子器件']
601233,桐昆股份,['化纤行业']
601238,广汽集团,['汽车制造']
601258,庞大集团,['汽车制造']
601288,农业银行,['金融行业']
601311,骆驼股份,['电器行业']
601313,江南嘉捷,['交通运输']
601318,中国平安,['金融行业']
601328,交通银行,['金融行业']
601333,广深铁路,['交通运输']
601336,新华保险,['金融行业']
601339,百隆东方,['纺织行业']
601369,陕鼓动力,['机械行业']
601375,中原证券,['次新股']
601377,兴业证券,['金融行业']
601390,中国中铁,['建筑建材']
601398,工商银行,['金融行业']
601515,东风股份,['印刷包装']
601518,吉林高速,['公路桥梁']
601519,大智慧,['电子信息']
601555,东吴证券,['金融行业']
601558,华锐风电,['发电设备']
601566,九牧王,['服装鞋类']
601567,三星医疗,['仪器仪表']
601579,会稽山,['酿酒行业']
601588,北辰实业,['房地产']
601599,鹿港文化,['纺织行业']
601600,中国铝业,['有色金属']
601601,中国太保,['金融行业']
601607,上海医药,['商业百货']
601608,中信重工,['机械行业']
601616,广电电气,['电器行业']
601618,中国中冶,['建筑建材']
601628,中国人寿,['金融行业']
601633,长城汽车,['汽车制造']
601636,旗滨集团,['玻璃行业']
601666,平煤股份,['煤炭行业']
601668,中国建筑,['建筑建材']
601669,中国电建,['建筑建材']
601677,明泰铝业,['有色金属']
601678,滨化股份,['化工行业']
601688,华泰证券,['金融行业']
601689,拓普集团,['汽车制造']
601699,潞安环能,['煤炭行业']
601700,风范股份,['发电设备']
601717,郑煤机,['机械行业']
601718,际华集团,['服装鞋类']
601727,上海电气,['发电设备']
601766,中国中车,['交通运输']
601777,力帆股份,['摩托车']
601788,光大证券,['金融行业']
601789,宁波建工,['建筑建材']
601798,蓝科高新,['机械行业']
601799,星宇股份,['汽车制造']
601800,中国交建,['建筑建材']
601801,皖新传媒,['传媒娱乐']
601808,中海油服,['石油行业']
601818,光大银行,['金融行业']
601857,中国石油,['石油行业']
601866,中远海发,['交通运输']
601872,招商轮船,['交通运输']
601877,正泰电器,['发电设备']
601880,大连港,['交通运输']
601886,江河集团,['建筑建材']
601888,中国国旅,['酒店旅游']
601890,亚星锚链,['船舶制造']
601898,中煤能源,['煤炭行业']
601899,紫金矿业,['有色金属']
601901,方正证券,['金融行业']
601908,京运通,['电子器件']
601918,*ST新集,['煤炭行业']
601919,中远海控,['交通运输']
601928,凤凰传媒,['传媒娱乐']
601929,吉视传媒,['传媒娱乐']
601933,永辉超市,['商业百货']
601939,建设银行,['金融行业']
601958,金钼股份,['有色金属']
601965,中国汽研,['汽车制造']
601969,海南矿业,['钢铁行业']
601988,中国银行,['金融行业']
601989,中国重工,['船舶制造']
601991,大唐发电,['电力行业']
601992,金隅股份,['水泥行业']
601996,丰林集团,['农林牧渔']
601998,中信银行,['金融行业']
601999,出版传媒,['传媒娱乐']
603000,人民网,['电子信息']
603001,奥康国际,['服装鞋类']
603002,宏昌电子,['化工行业']
603003,龙宇燃油,['石油行业']
603005,晶方科技,['电子器件']
603006,联明股份,['汽车制造']
603008,喜临门,['家具行业']
603009,北特科技,['汽车制造']
603010,万盛股份,['化工行业']
603011,合锻智能,['机械行业']
603012,创力集团,['机械行业']
603015,弘讯科技,['电器行业']
603017,中衡设计,['建筑建材']
603018,中设集团,['建筑建材']
603019,中科曙光,['电子信息']
603020,爱普股份,['食品行业']
603021,山东华鹏,['玻璃行业']
603022,新通联,['其它行业']
603023,威帝股份,['其它行业']
603025,大豪科技,['电子信息']
603026,石大胜华,['其它行业']
603030,全筑股份,['建筑建材']
603032,德新交运,['次新股']
603033,三维股份,['次新股']
603035,常熟汽饰,['次新股']
603036,如通股份,['次新股']
603039,N泛微,['次新股']
603058,永吉股份,['次新股']
603077,和邦生物,['化工行业']
603088,宁波精达,['机械行业']
603098,森特股份,['次新股']
603099,长白山,['酒店旅游']
603100,川仪股份,['仪器仪表']
603108,润达医疗,['其它行业']
603111,康尼机电,['交通运输']
603116,红蜻蜓,['其它行业']
603118,共进股份,['电子器件']
603123,翠微股份,['商业百货']
603126,中材节能,['环保行业']
603128,华贸物流,['交通运输']
603158,腾龙股份,['汽车制造']
603166,福达股份,['汽车制造']
603167,渤海轮渡,['交通运输']
603168,莎普爱思,['生物制药']
603169,兰石重装,['机械行业']
603186,华正新材,['次新股']
603188,亚邦股份,['化工行业']
603198,迎驾贡酒,['其它行业']
603199,九华旅游,['酒店旅游']
603218,日月股份,['次新股']
603222,济民制药,['生物制药']
603227,雪峰科技,['其它行业']
603228,景旺电子,['次新股']
603239,浙江仙通,['次新股']
603266,天龙股份,['次新股']
603268,松发股份,['陶瓷行业']
603288,海天味业,['食品行业']
603298,杭叉集团,['次新股']
603300,华铁科技,['其它行业']
603306,华懋科技,['汽车制造']
603308,应流股份,['机械行业']
603309,维力医疗,['医疗器械']
603311,金海环境,['其它行业']
603315,福鞍股份,['机械行业']
603318,派思股份,['机械行业']
603319,湘油泵,['次新股']
603323,吴江银行,['次新股']
603328,依顿电子,['电子器件']
603333,明星电缆,['发电设备']
603336,宏辉果蔬,['次新股']
603338,浙江鼎力,['机械行业']
603355,莱克电气,['机械行业']
603366,日出东方,['家电行业']
603368,柳州医药,['商业百货']
603369,今世缘,['酿酒行业']
603389,亚振家居,['次新股']
603416,信捷电气,['次新股']
603444,吉比特,['次新股']
603456,九洲药业,['生物制药']
603518,维格娜丝,['服装鞋类']
603519,立霸股份,['家电行业']
603555,贵人鸟,['服装鞋类']
603558,健盛集团,['纺织行业']
603559,中通国脉,['次新股']
603566,普莱柯,['其它行业']
603567,珍宝岛,['生物制药']
603568,伟明环保,['其它行业']
603577,汇金通,['次新股']
603579,荣泰健康,['次新股']
603585,苏利股份,['次新股']
603588,高能环境,['环保行业']
603598,引力传媒,['其它行业']
603599,广信股份,['农药化肥']
603600,永艺股份,['家具行业']
603601,再升科技,['玻璃行业']
603606,东方电缆,['电器行业']
603609,禾丰牧业,['农林牧渔']
603611,诺力股份,['交通运输']
603618,杭电股份,['发电设备']
603628,清源股份,['次新股']
603633,徕木股份,['次新股']
603636,南威软件,['电子信息']
603639,海利尔,['次新股']
603660,苏州科达,['次新股']
603669,灵康药业,['其它行业']
603678,火炬电子,['电子器件']
603686,龙马环卫,['环保行业']
603688,石英股份,['其它行业']
603689,皖天然气,['次新股']
603690,N至纯,['次新股']
603698,航天工程,['机械行业']
603699,纽威股份,['机械行业']
603703,盛洋科技,['电器行业']
603708,家家悦,['次新股']
603718,海利生物,['其它行业']
603727,博迈科,['次新股']
603729,龙韵股份,['印刷包装']
603766,隆鑫通用,['摩托车']
603788,宁波高发,['汽车制造']
603789,星光农机,['机械行业']
603806,福斯特,['塑料制品']
603808,歌力思,['服装鞋类']
603818,曲美家居,['家具行业']
603819,神力股份,['次新股']
603823,百合花,['次新股']
603828,柯利达,['建筑建材']
603858,步长制药,['次新股']
603869,北部湾旅,['酒店旅游']
603877,太平鸟,['次新股']
603878,武进不锈,['次新股']
603883,老百姓,['商业百货']
603885,吉祥航空,['其它行业']
603886,元祖股份,['次新股']
603889,新澳股份,['纺织行业']
603898,好莱客,['家具行业']
603900,通灵珠宝,['次新股']
603901,永创智能,['其它行业']
603918,金桥信息,['其它行业']
603928,兴业股份,['次新股']
603929,亚翔集成,['次新股']
603939,益丰药房,['商业百货']
603968,醋化股份,['其它行业']
603969,银龙股份,['建筑建材']
603987,康德莱,['次新股']
603988,中电电机,['电器行业']
603989,艾华集团,['其它行业']
603990,麦迪科技,['次新股']
603997,继峰股份,['汽车制造']
603998,方盛制药,['生物制药']
900901,云赛Ｂ股,['其它行业']
900902,市北B股,['其它行业']
900903,大众Ｂ股,['其它行业']
900904,神奇B股,['其它行业']
900905,老凤祥Ｂ,['其它行业']
900906,中毅达B,['其它行业']
900907,鼎立Ｂ股,['其它行业']
900908,氯碱Ｂ股,['其它行业']
900909,华谊B股,['其它行业']
900910,海立Ｂ股,['其它行业']
900911,金桥Ｂ股,['其它行业']
900912,外高Ｂ股,['其它行业']
900913,国新B股,['其它行业']
900914,锦投Ｂ股,['其它行业']
900915,中路Ｂ股,['其它行业']
900916,凤凰B股,['其它行业']
900917,海欣Ｂ股,['其它行业']
900918,耀皮Ｂ股,['其它行业']
900919,绿庭B股,['其它行业']
900920,上柴Ｂ股,['其它行业']
900921,丹科Ｂ股,['其它行业']
900922,三毛B股,['其它行业']
900923,百联Ｂ股,['其它行业']
900924,上工Ｂ股,['其它行业']
900925,机电Ｂ股,['其它行业']
900926,宝信Ｂ,['其它行业']
900927,物贸Ｂ股,['其它行业']
900928,临港B股,['其它行业']
900929,锦旅Ｂ股,['其它行业']
900930,沪普天Ｂ,['其它行业']
900932,陆家Ｂ股,['其它行业']
900933,华新Ｂ股,['其它行业']
900934,锦江Ｂ股,['其它行业']
900935,阳晨Ｂ股,['其它行业']
900936,鄂资Ｂ股,['其它行业']
900937,华电Ｂ股,['其它行业']
900938,天海B,['其它行业']
900939,汇丽B,['其它行业']
900940,大名城B,['其它行业']
900941,东信Ｂ股,['其它行业']
900942,黄山Ｂ股,['其它行业']
900943,开开Ｂ股,['其它行业']
900945,海航Ｂ股,['其它行业']
900946,天雁B股,['其它行业']
900947,振华Ｂ股,['其它行业']
900948,伊泰Ｂ股,['其它行业']
900951,大化B股,['其它行业']
900952,锦港Ｂ股,['其它行业']
900953,凯马Ｂ,['其它行业']
900955,海创B股,['其它行业']
900956,东贝Ｂ股,['其它行业']
900957,凌云Ｂ股,['其它行业']
