code,name,concept
000001,平安银行,['融资融券' '基金重仓' '社保重仓' '券商重仓' '深圳本地' '保险重仓' '本月解禁' '外资背景']
000002,万 科Ａ,['前海概念' '融资融券' 'QFII重仓' '股权激励' '基金重仓' '深圳本地' '保障房' '含H股' '保险重仓']
000004,国农科技,['深圳本地']
000005,世纪星源,['前海概念' '固废处理' '深圳本地' '污水处理' '充电桩' '空气治理' '外资背景']
000006,深振业Ａ,['前海概念' '深圳本地' '粤港澳']
000007,全新好,['涉矿概念' '深圳本地' '业绩预降' '稀缺资源']
000008,神州高铁,['业绩预升' '深圳本地' '新三板' '铁路基建']
000009,中国宝安,"['前海概念' '融资融券' 'QFII重仓' '土地流转' '股权激励' '循环经济' '锂电池' '深圳本地' '新三板' '特斯拉' '石墨烯'
 '分拆上市' '低碳经济']"
000010,美丽生态,['未股改' '装饰园林' '股期概念' '深圳本地' '金融参股']
000011,深物业A,['前海概念' '业绩预升' '深圳本地' '粤港澳' '含B股']
000012,南 玻Ａ,"['前海概念' '太阳能' '融资融券' '出口退税' '新能源' '多晶硅' '触摸屏' '深圳本地' '保障房' '含B股' '建筑节能'
 '苹果概念' '低碳经济']"
000014,沙河股份,['前海概念' '广东自贸' '深圳本地' '粤港澳']
000016,深康佳Ａ,['前海概念' '业绩预升' '深圳本地' '含B股']
000017,深中华A,['未股改' '深圳本地' '含B股']
000018,神州长城,['深圳本地' '含B股']
000019,深深宝Ａ,['深圳本地' '含B股']
000020,深华发Ａ,['前海概念' '深圳本地' '粤港澳' '含B股' '业绩预降']
000021,深科技,['融资融券' '参股金融' '深圳本地' '云计算' '智能电网' '金融参股' '分拆上市']
000022,深赤湾Ａ,['广东自贸' '海上丝路' '深圳本地' '含B股']
000023,深天地Ａ,['前海概念' '深圳本地' '粤港澳']
000025,特 力Ａ,['前海概念' '深圳本地' '含B股']
000026,飞亚达Ａ,['军工航天' '深圳本地' '含B股' '奢侈品']
000027,深圳能源,"['融资融券' '风能概念' '固废处理' '节能环保' '循环经济' '参股金融' '创投概念' '深圳本地' '整体上市' '新三板' '风能'
 '金融参股']"
000028,国药一致,['基金重仓' '抗癌' '深圳本地' '含B股']
000029,深深房Ａ,['深圳本地' '粤港澳' '含B股' '业绩预降']
000030,富奥股份,['参股金融' '汽车电子' '深圳本地' '含B股' '特斯拉']
000031,中粮地产,['前海概念' '参股金融' '业绩预升' '股期概念' '深圳本地' '保障房' '整体上市' '金融参股']
000032,深桑达Ａ,['前海概念' '重组概念' '电子支付' '深圳本地' '绿色照明']
000034,神州数码,['深圳本地']
000035,中国天楹,['重组概念' '深圳本地']
000036,华联控股,['前海概念' '参股金融' '深圳本地' '粤港澳' '业绩预降']
000037,*ST南电A,['深圳本地' '含B股' 'ST板块']
000038,深大通,['深圳本地']
000039,中集集团,"['前海概念' '融资融券' '广东自贸' '股权激励' '参股金融' '海工装备' '海水淡化' '粤港澳' '含H股' '保险重仓' '金融参股'
 '分拆上市']"
000040,东旭蓝天,['太阳能' '深圳本地' '分拆上市']
000042,中洲控股,['前海概念' '深圳本地' '粤港澳']
000043,中航地产,['深圳本地']
000045,深纺织Ａ,['深圳本地' '含B股']
000046,泛海控股,['前海概念' '融资融券' '信托重仓' '业绩预升' '深圳本地' '整体上市']
000048,康达尔,['土地流转' '业绩预升' '深圳本地' '猪肉']
000049,德赛电池,['信托重仓' '新能源' '锂电池' '深圳本地' '特斯拉' '苹果概念']
000050,深天马Ａ,['军工航天' '触摸屏' '业绩预升' '深圳本地' '苹果概念']
000055,方大集团,['太阳能' '土地流转' '装饰园林' '新能源' '业绩预升' '深圳本地' '粤港澳' '绿色照明' '含B股' '建筑节能']
000056,皇庭国际,['深圳本地' '含B股']
000058,深 赛 格,['重组概念' '金融改革' '深圳本地' '智能交通' '含B股' '卫星导航']
000059,华锦股份,['融资融券' '油气改革' '军工航天' '摘帽概念' '振兴沈阳']
000060,中金岭南,['融资融券' '参股金融' '股期概念' '深圳本地' '金融参股' '稀缺资源']
000061,农 产 品,['融资融券' '金融改革' '食品安全' '深圳本地' '业绩预降']
000062,深圳华强,['互联金融' '业绩预升' '深圳本地' '粤港澳' '新三板' '分拆上市']
000063,中兴通讯,"['4G概念' '融资融券' '智能穿戴' '信托重仓' '股权激励' '基金重仓' 'IPV6概念' '深圳本地' '含H股' '新三板'
 '宽带提速' '保险重仓' '云计算' '金融参股' '三网融合' '分拆上市']"
000065,北方国际,['重组概念' '军工航天' '深圳本地' '铁路基建']
000066,长城电脑,['太阳能' '深圳本地' '云计算']
000068,华控赛格,['深圳本地' '摘帽概念']
000069,华侨城Ａ,['前海概念' '融资融券' '基金重仓' '社保重仓' '业绩预升' '深圳本地' '整体上市']
000070,特发信息,['军工航天' '业绩预升' '深圳本地' '宽带提速' '云计算']
000078,海王生物,['生物疫苗' '超级细菌' '抗癌' '甲型流感' '深圳本地']
000088,盐 田 港,['广东自贸' '海上丝路' '深圳本地']
000089,深圳机场,['前海概念' '深圳本地' '整体上市']
000090,天健集团,['前海概念' '深圳本地' '粤港澳']
000096,广聚能源,['农村金融' '油气改革' '深圳本地']
000099,中信海直,['三沙概念' '军工航天' '海工装备' '深圳本地']
000100,TCL 集团,['融资融券' '节能环保' '涉矿概念' '股权激励' '循环经济' 'O2O模式' '参股金融' '业绩预升' '新三板']
000150,宜华健康,['业绩预升']
000151,中成股份,['新能源' '业绩预升' '海水淡化']
000153,丰原药业,['参股金融' '抗癌' '皖江区域']
000155,*ST川化,['参股金融' '成渝特区' '金融参股' '低碳经济']
000156,华数传媒,['阿里概念' '业绩预升' '新三板']
000157,中联重科,['融资融券' '股权激励' '基金重仓' '整体上市' '含H股' '长株潭']
000158,常山股份,['参股金融' '创投概念' '金融参股']
000159,国际实业,['互联金融' '涉矿概念' '油气改革' '参股金融' '丝绸之路' '金融参股']
000301,东方市场,['参股金融' '业绩预升' '创投概念' '分拆上市']
000333,美的集团,['整体上市']
000338,潍柴动力,['融资融券' '社保重仓' '含H股']
000400,许继电气,['资产注入' '业绩预升' '节能' '特斯拉' '充电桩' '智能电网']
000401,冀东水泥,['融资融券' 'QFII重仓' '重组概念' '保障房' '京津冀']
000402,金 融 街,['融资融券' '社保重仓' '保险重仓']
000403,ST生化,['业绩预升' 'ST板块']
000404,华意压缩,['节能环保' '地热能' '业绩预升']
000407,胜利股份,['固废处理' '循环经济' '油气改革' '草甘膦' '金融参股']
000408,*ST金源,['涉矿概念' '重组概念' 'ST板块']
000409,山东地矿,['重组概念' '深圳本地']
000410,沈阳机床,['机器人概念' '智能机器' '业绩预降' '振兴沈阳']
000411,英特集团,['业绩预升']
000413,东旭光电,['锂电池' '业绩预升' '含B股' '石墨烯']
000415,渤海金控,['金融改革' '新能源' '海上丝路' '新三板']
000416,民生控股,['参股金融' '内贸规划' '券商重仓' '自贸区' '日韩贸易' '东亚自贸' '黄河三角']
000417,合肥百货,['参股金融' '内贸规划' '券商重仓' '皖江区域']
000418,小天鹅Ａ,['太阳能' '含B股']
000419,通程控股,['农村金融' '金融改革' '参股金融' '金融参股' '长株潭']
000420,吉林化纤,['图们江' '碳纤维']
000421,南京公用,['金融改革' '业绩预降']
000422,湖北宜化,['融资融券' '信托重仓' '业绩预降']
000423,东阿阿胶,['融资融券' '基金重仓' '创投概念']
000425,徐工机械,['融资融券' '固废处理' '军工航天' '污水处理' '空气治理']
000426,兴业矿业,['信托重仓' '参股金融']
000428,华天酒店,['业绩预升' '分拆上市' '长株潭']
000429,粤高速Ａ,['广东自贸' '重组概念' '参股金融' '创投概念' '粤港澳' '含B股' '业绩预降']
000430,张家界,['未股改' '股期概念' '业绩预降' '金融参股' '长株潭']
000488,晨鸣纸业,['QFII重仓' '业绩预升' '含H股' '含B股']
000498,山东路桥,['丝绸之路']
000501,鄂武商Ａ,['武汉规划' '内贸规划']
000502,绿景控股,['涉矿概念']
000503,海虹控股,['电商概念' '三网融合' '分拆上市']
000504,*ST生物,['文化振兴' '信托重仓' '重组概念' 'ST板块']
000505,*ST珠江,['三沙概念' '重组概念' '含B股' 'ST板块' '金融参股']
000506,中润资源,['涉矿概念' '业绩预升' '黄河三角']
000507,珠海港,['风能概念' '广东自贸' '出口退税' '国企改革' '海上丝路' '粤港澳' '新三板' '业绩预降' '物联网' '智能电网' '风能']
000509,华塑控股,['未股改' '装饰园林' '成渝特区']
000510,金路集团,['参股金融' '成渝特区' '摘帽概念' '准ST股' '石墨烯' '金融参股']
000511,*ST烯碳,['信托重仓' '涉矿概念' '稀土永磁' 'ST板块' '石墨烯' '振兴沈阳']
000513,丽珠集团,['超级细菌' '广东自贸' '甲型流感' '基因概念' '粤港澳' '含H股' '金融参股']
000514,渝 开 发,['参股金融' '成渝特区']
000516,国际医学,['民营医院' '参股金融' '陕甘宁' '新三板']
000517,荣安地产,['业绩预升']
000518,四环生物,['生物疫苗' '抗癌']
000519,中兵红箭,['重组概念' '军工航天' '成渝特区' '准ST股']
000520,长航凤凰,['整体上市' '准ST股']
000521,美菱电器,['新能源' '券商重仓' '含B股' '皖江区域' '智能家居']
000523,广州浪奇,['土地流转' '广东自贸' '股权激励' '粤港澳']
000525,红 太 阳,['沿海发展' '草甘膦']
000526,紫光学大,['海峡西岸']
000528,柳 工,['融资融券' '券商重仓']
000529,广弘控股,['O2O模式' '粤港澳' '猪肉']
000530,大冷股份,['食品安全' '参股金融' '地热能' '含B股' '金融参股' '振兴沈阳']
000531,穗恒运Ａ,['广东自贸' '参股金融']
000532,力合股份,['固废处理' '循环经济' 'IPV6概念' '业绩预升' '创投概念' '粤港澳' '新三板' '污水处理' '石墨烯']
000533,万 家 乐,['太阳能' '新能源' '参股金融' '业绩预升' '金融参股']
000534,万泽股份,['涉矿概念' '股权激励']
000536,华映科技,['信托重仓' '触摸屏' '保险重仓' '海峡西岸']
000537,广宇发展,['土地流转' '京津冀']
000538,云南白药,['融资融券' 'QFII重仓' '基金重仓' '业绩预升' '创投概念' '保险重仓' '金融参股']
000539,粤电力Ａ,['融资融券' '风能概念' '新能源' '业绩预升' '新三板' '含B股' '风能']
000540,中天城投,['融资融券' '涉矿概念' '股权激励' '页岩气' '参股金融' '业绩预升' '保障房' '金融参股' '稀缺资源']
000541,佛山照明,['绿色照明' '含B股' '金融参股' '外资背景' '低碳经济']
000543,皖能电力,['参股金融' '业绩预升' '皖江区域' '金融参股']
000544,中原环保,['节能环保' '重组概念' '参股金融' '污水处理' '业绩预降']
000545,金浦钛业,['图们江' '业绩预升']
000546,金圆股份,['固废处理' '图们江']
000547,航天发展,['涉矿概念' '军工航天' '金融参股' '海峡西岸']
000548,湖南投资,['业绩预降' '长株潭']
000550,江铃汽车,['融资融券' '社保重仓' '含B股']
000551,创元科技,['节能环保' '沿海发展' '参股金融' '新三板' '空气治理' '智能电网' '金融参股' '分拆上市']
000552,靖远煤电,['陕甘宁' '业绩预升']
000553,沙隆达Ａ,['出口退税' '重组概念' '参股金融' '业绩预升' '含B股' '草甘膦' '金融参股']
000554,泰山石油,['油气改革']
000557,西部创业,['陕甘宁' '摘帽概念']
000558,莱茵体育,['体育概念' '振兴沈阳']
000559,万向钱潮,['融资融券' '锂电池' '特斯拉' '金融参股']
000560,昆百大Ａ,['股权激励' '参股金融' '业绩预降']
000561,烽火电子,['股权激励' '陕甘宁' '军工航天' '本月解禁']
000563,陕国投Ａ,['陕甘宁' '金融参股']
000564,西安民生,['重组概念' 'O2O模式' '参股金融' '陕甘宁' '丝绸之路' '内贸规划' '资产注入' '本月解禁' '金融参股']
000565,渝三峡Ａ,['重组概念' '成渝特区' '石墨烯' '金融参股']
000566,海南海药,['三沙概念' '股权激励' '社保重仓' '抗癌']
000567,海德股份,['三沙概念']
000568,泸州老窖,['融资融券' '股权激励' '基金重仓' '成渝特区' '金融参股']
000570,苏常柴Ａ,['沿海发展' '参股金融' '含B股' '金融参股']
000571,新大洲Ａ,['锂电池' '燃料电池']
000572,海马汽车,['股权激励' '业绩预升' '券商重仓']
000573,粤宏远Ａ,['业绩预升' '股期概念' '金融参股']
000576,广东甘化,['重组概念' '生物质能' '业绩预降']
000581,威孚高科,['融资融券' '基金重仓' '含B股' '空气治理' '金融参股']
000582,北部湾港,['海上丝路']
000584,友利控股,['聚氨酯' '成渝特区' '金融参股']
000585,东北电气,['含H股' '智能电网']
000586,汇源通信,['成渝特区' '空气治理']
000587,金洲慈航,['黄金概念' '未股改' '重组概念']
000589,黔轮胎Ａ,['出口退税' '参股金融' '业绩预升']
000590,启迪古汉,['高校背景' '摘帽概念' '业绩预降' '长株潭']
000591,太阳能,['太阳能']
000592,平潭发展,['赛马概念' '金融改革' '参股金融' '风沙治理' '海峡西岸']
000593,大通燃气,['成渝特区']
000595,宝塔实业,['陕甘宁' '军工航天' '铁路基建']
000596,古井贡酒,['融资融券' '含B股']
000597,东北制药,['生物疫苗' '出口退税' '维生素' '甲型流感' '准ST股' '振兴沈阳']
000598,兴蓉环境,['节能环保' '成渝特区' '海水淡化' '券商重仓' '污水处理' '保险重仓']
000599,青岛双星,['出口退税' '体育概念' '自贸区' '日韩贸易' '东亚自贸']
000600,建投能源,['参股金融' '资产注入' '业绩预升']
000601,韶能股份,['生物质能' '粤港澳' '充电桩' '低碳经济']
000603,盛达矿业,['重组概念' '参股金融' '新三板']
000605,渤海股份,['污水处理']
000606,*ST易桥,['重组概念' '创投概念' '准ST股' 'ST板块']
000607,华媒控股,['成渝特区' '业绩预升' '新三板']
000608,阳光股份,['信托重仓' '资产注入' '外资背景']
000609,绵石投资,['参股金融' '新三板' '铁路基建']
000610,西安旅游,['陕甘宁' '丝绸之路']
000611,*ST天首,['聚氨酯' '业绩预升' 'ST板块' '云计算']
000612,焦作万方,['股权激励' '参股金融' '业绩预升' '金融参股']
000613,大东海A,['三沙概念' '含B股']
000615,京汉股份,['重组概念' '参股金融' '金融参股']
000616,海航投资,['QFII重仓' '风能']
000617,*ST济柴,['重组概念' '准ST股' 'ST板块']
000619,海螺型材,['节能环保' '保障房' '皖江区域' '建筑节能' '低碳经济']
000620,新华联,['土地流转' '参股金融' '业绩预升' '保障房' '民营银行']
000622,*ST恒立,['ST板块']
000623,吉林敖东,['融资融券' '参股金融' '券商重仓' '金融参股']
000625,长安汽车,['融资融券' '基金重仓' '军工航天' '成渝特区' '业绩预升' '含B股' '氢燃料' '金融参股']
000626,远大控股,['金融改革' '沿海发展' '参股金融' '业绩预升' '金融参股']
000627,天茂集团,['新能源' '参股金融' '创投概念' '绿色照明' '准ST股' '金融参股']
000628,高新发展,['参股金融' '成渝特区' '创投概念' '股期概念' '新三板' '金融参股']
000629,*ST钒钛,['融资融券' '信托重仓' '成渝特区' '券商重仓' '整体上市' '业绩预降' 'ST板块' '铁路基建' '稀缺资源']
000630,铜陵有色,['融资融券' '基金重仓' '循环经济' '皖江区域' '稀缺资源']
000631,顺发恒业,['图们江' '业绩预降']
000632,三木集团,['参股金融' '海峡西岸']
000633,*ST合金,['ST板块']
000635,英 力 特,['陕甘宁' '丝绸之路']
000636,风华高科,['锂电池' '触摸屏' '稀土永磁']
000637,茂化实华,['信托重仓' '油气改革' '业绩预升']
000638,万方发展,['重组概念' '京津冀']
000639,西王食品,['业绩预升' '本月解禁' '黄河三角']
000650,仁和药业,['股权激励']
000651,格力电器,['融资融券' 'QFII重仓' '基金重仓' '国企改革' '民营银行']
000652,泰达股份,['固废处理' '循环经济' '参股金融' '体育概念' '生物质能' '空气治理' '金融参股' '分拆上市' '低碳经济']
000655,金岭矿业,['黄河三角']
000656,金科股份,['太阳能' '装饰园林' '页岩气' '成渝特区' '民营银行' '风能']
000657,中钨高新,['创投概念']
000659,珠海中富,['广东自贸' '粤港澳' '摘帽概念' '外资背景']
000661,长春高新,['生物疫苗' '图们江' '社保重仓' '基因概念' '业绩预升' '券商重仓' '新三板' '分拆上市']
000663,永安林业,['重组概念' '参股金融' '准ST股' '风沙治理' '金融参股' '海峡西岸' '稀缺资源']
000665,湖北广电,['文化振兴' '安防服务' '武汉规划' '三网融合']
000666,经纬纺机,['参股金融' '金融参股']
000667,美好置业,['股权激励']
000668,荣丰控股,['参股金融']
000669,金鸿能源,['图们江']
000670,*ST盈方,['ST板块']
000671,阳 光 城,['股权激励' '海峡西岸']
000672,上峰水泥,['丝绸之路' '业绩预升']
000676,智度股份,['安防服务' '分拆上市']
000677,恒天海龙,['摘帽概念' '黄河三角']
000678,襄阳轴承,['金融参股']
000679,大连友谊,['自贸区' '东亚自贸']
000681,视觉中国,['业绩预升']
000682,东方电子,['节能环保' '参股金融' '新三板' '物联网' '充电桩' '智能电网' '三网融合' '黄河三角' '分拆上市']
000683,远兴能源,['新能源']
000685,中山公用,['节能环保' '参股金融' '污水处理' '金融参股']
000686,东北证券,['融资融券' '信托重仓' '股期概念' '本月解禁']
000687,华讯方舟,['碳纤维' '参股金融' '军工航天' '京津冀' '金融参股']
000688,建新矿业,['成渝特区']
000690,宝新能源,['新能源' '参股金融' '业绩预升' '新三板' '民营银行']
000691,ST亚太,['三沙概念' '新能源' 'ST板块']
000693,ST华泽,['ST板块' '稀缺资源']
000695,滨海能源,['天津自贸']
000697,炼石有色,['陕甘宁' '稀缺资源' '低碳经济']
000698,沈阳化工,['资产注入']
000700,模塑科技,['民营医院' '业绩预升']
000701,厦门信达,['食品安全' '业绩预升' '电子支付' '绿色照明' '物联网' '海峡西岸' '分拆上市']
000702,正虹科技,['抗流感' '业绩预升' '金融参股' '长株潭']
000703,恒逸石化,['信托重仓' '出口退税' '油气改革' '参股金融' '业绩预降']
000705,浙江震元,['参股金融' '国企改革' '金融参股']
000709,河钢股份,['融资融券' '业绩预降']
000710,天兴仪表,['涉矿概念' '重组概念' '成渝特区' '基因概念']
000711,京蓝科技,['涉矿概念' '重组概念']
000712,锦龙股份,['参股金融' '金融参股']
000713,丰乐种业,['生物育种' '参股金融' '生态农业' '皖江区域' '金融参股']
000715,中兴商业,['土地流转' '内贸规划']
000716,黑芝麻,['业绩预升']
000717,*ST韶钢,['准ST股' 'ST板块']
000718,苏宁环球,['融资融券' '图们江' '涉矿概念' '沿海发展' '业绩预升']
000719,大地传媒,['业绩预升' '整体上市']
000720,新能泰山,['风能概念' '新能源' '体育概念' '风能' '金融参股']
000721,西安饮食,['陕甘宁' '丝绸之路']
000722,湖南发展,['页岩气' '参股金融' '养老概念' '长株潭']
000723,美锦能源,['整体上市']
000725,京东方Ａ,['融资融券' '含B股']
000726,鲁 泰Ａ,['出口退税' '含B股' '黄河三角']
000727,华东科技,['触摸屏']
000728,国元证券,['融资融券' '信托重仓' '股期概念' '皖江区域']
000729,燕京啤酒,['融资融券' '信托重仓' '创投概念' '保险重仓']
000732,泰禾集团,['业绩预升' '本月解禁' '海峡西岸']
000733,振华科技,['参股金融' '军工航天' '锂电池' '业绩预升' '金融参股']
000735,罗 牛 山,['赛马概念' '三沙概念' '农村金融' '土地流转' '金融改革' '参股金融' '新三板' '猪肉']
000736,中房地产,['土地流转' '成渝特区']
000737,南风化工,['参股金融' '稀缺资源']
000738,中航动控,['军工航天' '长株潭']
000739,普洛药业,['生物疫苗' '抗流感' '抗癌' '甲型流感' '自贸区' '日韩贸易' '东亚自贸' '黄河三角']
000748,长城信息,['参股金融' '军工航天' '电子支付' '金融参股' '长株潭']
000750,国海证券,['未股改']
000751,锌业股份,['金融参股']
000752,西藏发展,['业绩预升']
000753,漳州发展,['参股金融' '创投概念' '污水处理' '海峡西岸']
000755,山西三维,['聚氨酯' '参股金融' '金融参股' '低碳经济']
000756,新华制药,['生物疫苗' '参股金融' '含H股' '业绩预降' '金融参股' '黄河三角']
000757,浩物股份,['业绩预升']
000758,中色股份,['融资融券' '稀土永磁' '整体上市' '保险重仓' '业绩预降' '稀缺资源']
000759,中百集团,['QFII重仓' 'O2O模式' '参股金融' '武汉规划' '内贸规划']
000760,斯太尔,['锂电池']
000761,本钢板材,['整体上市' '含B股']
000762,西藏矿业,['融资融券' '锂电池' '稀缺资源']
000766,通化金马,['生物疫苗' '图们江' '参股金融' '抗癌']
000767,漳泽电力,['风能概念' '新能源' '风能']
000768,中航飞机,['融资融券' '陕甘宁' '军工航天' '券商重仓' '整体上市' '金融参股']
000776,广发证券,['未股改' '融资融券' '信托重仓' '基金重仓' '含H股']
000777,中核科技,['页岩气' '新能源' '沿海发展' '军工航天' '整体上市' '核电核能']
000778,新兴铸管,['融资融券' '污水处理' '水利建设']
000779,三毛派神,['陕甘宁' '丝绸之路']
000780,平庄能源,['融资融券' '业绩预降']
000782,美达股份,['参股金融' '业绩预降']
000783,长江证券,['融资融券' '信托重仓' '股期概念' '券商重仓']
000785,武汉中商,['O2O模式' '参股金融' '武汉规划']
000786,北新建材,['装饰园林' '新能源' '保障房' '新三板' '建筑节能' '低碳经济']
000788,北大医药,['生物疫苗' '维生素' '高校背景' '成渝特区' '抗癌' '金融参股']
000789,万年青,['QFII重仓' '参股金融' '业绩预升' '保障房' '整体上市']
000790,泰合健康,['生物疫苗' '成渝特区' '抗癌' '业绩预升']
000791,甘肃电投,['陕甘宁' '股期概念' '金融参股']
000792,盐湖股份,['融资融券' '保险重仓' '稀缺资源']
000793,华闻传媒,['融资融券' '文化振兴' '信托重仓' '业绩预升' '创投概念' '三网融合']
000795,英洛华,['重组概念' '稀土永磁']
000796,凯撒旅游,['农村金融' '重组概念' '参股金融' '陕甘宁']
000797,中国武夷,['土地流转' '京津冀' '海峡西岸']
000798,中水渔业,['重组概念' '参股金融' '水域改革' '整体上市']
000799,酒鬼酒,['信托重仓' '基金重仓' '社保重仓' '摘帽概念' '业绩预降' '长株潭']
000800,一汽轿车,['融资融券' '图们江' '社保重仓' '整体上市' '特斯拉']
000801,四川九洲,['军工航天' '成渝特区' '物联网']
000803,金宇车城,['重组概念' '成渝特区']
000806,银河生物,['军工航天']
000809,铁岭新城,['业绩预升']
000810,创维数字,['成渝特区' '券商重仓']
000811,烟台冰轮,['节能环保' '地热能' '东亚自贸' '黄河三角']
000812,陕西金叶,['重组概念' '参股金融' '陕甘宁' '丝绸之路']
000813,德展健康,['节能环保' '涉矿概念' '重组概念' '参股金融']
000815,美利云,['太阳能' '陕甘宁' '摘帽概念']
000816,智慧农业,['涉矿概念' '沿海发展']
000818,方大化工,['股权激励' '聚氨酯' '参股金融' '振兴沈阳']
000819,岳阳兴长,['生物疫苗' '抗癌' '长株潭']
000820,神雾节能,['节能' '业绩预降' '振兴沈阳']
000821,京山轻机,['参股金融' '新三板' '金融参股']
000822,山东海化,['油气改革' '基因概念' '海水淡化' '黄河三角']
000823,超声电子,['参股金融' '触摸屏' '汽车电子' '券商重仓' '业绩预降' '苹果概念']
000825,太钢不锈,['整体上市' '苹果概念' '核电核能']
000826,启迪桑德,['融资融券' '固废处理' '节能环保' '股权激励' '基金重仓' '循环经济' 'O2O模式' '污水处理' '金融参股' '低碳经济']
000828,东莞控股,['农村金融' '金融改革' '参股金融' '新三板']
000829,天音控股,['文化振兴' '网络游戏' '信托重仓' '重组概念' '博彩概念' '苹果概念']
000830,鲁西化工,['券商重仓']
000831,*ST五稀,['稀土永磁' '业绩预降' 'ST板块' '稀缺资源']
000833,贵糖股份,['生物质能' '低碳经济']
000835,长城动漫,['成渝特区']
000836,鑫茂科技,['风能概念' '安防服务' '新能源' '业绩预升' '准ST股' '云计算' '风能']
000837,秦川机床,['机器人概念' '陕甘宁' '智能机器' '整体上市']
000839,中信国安,['融资融券' '参股金融' '体育概念' '锂电池' '新三板' '特斯拉' '分拆上市' '低碳经济']
000848,承德露露,['社保重仓' '京津冀']
000850,华茂股份,['涉矿概念' '参股金融' '创投概念' '券商重仓' '皖江区域' '金融参股']
000851,高鸿股份,['电商概念' '博彩概念' 'IPV6概念' '业绩预升' '创投概念' '电子支付' '新三板' '物联网' '三网融合']
000852,石化机械,['页岩气' '武汉规划' '海工装备']
000856,*ST冀装,['京津冀' 'ST板块']
000858,五 粮 液,['融资融券' '基金重仓' '社保重仓' '成渝特区' '保险重仓' '奢侈品']
000859,国风塑业,['生物燃料' '皖江区域']
000860,顺鑫农业,['农村金融' '生物育种' '参股金融' '生态农业' '保险重仓' '猪肉']
000861,海印股份,['涉矿概念' 'O2O模式' '含可转债']
000862,银星能源,['太阳能' '风能概念' '新能源' '陕甘宁' '丝绸之路' '风能' '低碳经济']
000863,三湘印象,['重组概念']
000868,安凯客车,['燃料电池' '皖江区域']
000869,张 裕Ａ,['融资融券' '含B股' '外资背景' '黄河三角']
000875,吉电股份,['风能概念' '图们江' '页岩气' '风能']
000876,新 希 望,['融资融券' '社保重仓' '参股金融' '成渝特区' '金融参股']
000877,天山股份,['融资融券' '丝绸之路' '保障房']
000878,云南铜业,['融资融券' '参股金融' '股期概念' '券商重仓' '整体上市' '新三板' '金融参股' '稀缺资源']
000880,潍柴重机,['黄河三角']
000881,大连国际,['重组概念' '参股金融' '创投概念' '自贸区' '东亚自贸' '振兴沈阳' '核电核能']
000882,华联股份,['信托重仓' 'O2O模式' '券商重仓' '保险重仓']
000883,湖北能源,['风能概念' '页岩气' '参股金融' '武汉规划' '业绩预升' '风能' '本月解禁' '核电核能']
000885,同力水泥,['业绩预降']
000886,海南高速,['三沙概念']
000887,中鼎股份,['O2O模式' '汽车电子' '保险重仓' '特斯拉' '皖江区域' '充电桩' '铁路基建']
000888,峨眉山Ａ,['社保重仓' '成渝特区']
000890,法 尔 胜,['超导概念' '参股金融' 'IPV6概念' '宽带提速']
000892,星美联合,['重组概念' '成渝特区' '业绩预降']
000893,东凌国际,['股权激励' '业绩预升' '粤港澳' '准ST股']
000895,双汇发展,['融资融券' 'QFII重仓' '基金重仓' '社保重仓' '业绩预升' '外资背景']
000897,津滨发展,['参股金融' '天津自贸' '股期概念' '京津冀' '准ST股' '金融参股']
000898,鞍钢股份,['海工装备' '含H股' '准ST股' '铁路基建']
000899,赣能股份,['新能源' '业绩预升' '核电核能']
000900,现代投资,['固废处理' '节能环保' '金融改革' '参股金融' '股期概念' '民营银行' '金融参股' '长株潭']
000901,航天科技,['军工航天' '汽车电子' '物联网']
000902,新洋丰,['参股金融' '生态农业']
000903,云内动力,['节能环保' '业绩预升']
000905,厦门港务,['海上丝路' '海峡西岸']
000906,物产中拓,['循环经济' '阿里概念' '长株潭']
000908,景峰医药,['涉矿概念' '长株潭']
000909,数源科技,['安防服务']
000911,南宁糖业,['生物质能' '海上丝路']
000912,泸天化,['聚氨酯' '成渝特区' '整体上市' '业绩预降']
000913,*ST钱江,['机器人概念' '智能机器' '锂电池' '创投概念' '新三板' 'ST板块']
000915,山大华特,['节能环保' '高校背景' '污水处理' '空气治理' '分拆上市']
000916,华北高速,['太阳能' '参股金融']
000917,电广传媒,['融资融券' '文化振兴' '农村金融' '资产注入' '创投概念' '物联网' '金融参股' '三网融合' '分拆上市' '长株潭']
000918,嘉凯城,['参股金融' '金融参股' '长株潭']
000919,金陵药业,['社保重仓' '民营医院' '参股金融' '抗癌']
000920,南方汇通,['信托重仓' '参股金融' '海水淡化' '新三板' '污水处理' '金融参股' '铁路基建']
000921,海信科龙,['股权激励' '业绩预升' '含H股']
000922,佳电股份,['核电核能']
000923,河北宣工,['创投概念' '京津冀']
000925,众合科技,['股权激励' '污水处理' '业绩预降' '空气治理' '铁路基建']
000926,福星股份,['太阳能' '保障房']
000927,一汽夏利,['融资融券' '社保重仓' '参股金融' '摘帽概念' '业绩预降']
000928,中钢国际,['图们江' '碳纤维' '石墨烯' '金融参股']
000929,兰州黄河,['重组概念' '参股金融' '陕甘宁' '丝绸之路']
000930,中粮生化,['新能源' '参股金融' '生物燃料' '生物质能' '股期概念' '整体上市' '金融参股']
000931,中 关 村,['创投概念' '新三板' '分拆上市']
000932,华菱钢铁,['QFII重仓' '重组概念' '外资背景' '低碳经济' '长株潭']
000933,*ST神火,['融资融券' '参股金融' '业绩预降' 'ST板块' '稀缺资源']
000935,四川双马,['参股金融' '成渝特区' '外资背景']
000936,华西股份,['参股金融' '新三板' '业绩预降' '金融参股']
000937,冀中能源,['融资融券' '稀缺资源']
000938,紫光股份,['高校背景' '机器人概念' '3D打印' '智能机器' 'IPV6概念' '创投概念' '新三板' '云计算' '分拆上市']
000939,凯迪生态,['QFII重仓' '固废处理' '节能环保' '循环经济' '参股金融' '武汉规划' '生物燃料' '生物质能']
000948,南天信息,['参股金融' '创投概念' '电子支付']
000949,新乡化纤,['聚氨酯']
000950,*ST建峰,['重组概念' '成渝特区' '业绩预降' 'ST板块']
000951,中国重汽,['业绩预升' '整体上市']
000952,广济药业,['生物疫苗' '维生素']
000953,河池化工,['金融参股']
000957,中通客车,['信托重仓' '业绩预升']
000958,东方能源,['太阳能' '风能']
000959,首钢股份,['太阳能' '重组概念']
000960,锡业股份,['融资融券' '信托重仓' '重组概念' '保险重仓' '稀缺资源']
000961,中南建设,['股权激励' '新三板']
000962,*ST东钽,['太阳能' '超导概念' '陕甘宁' '锂电池' '业绩预降' 'ST板块' '稀缺资源']
000963,华东医药,['基金重仓' '社保重仓' '参股金融' '保险重仓']
000965,天保基建,['天津自贸' '京津冀']
000966,长源电力,['武汉规划' '生物质能' '创投概念' '风能']
000967,盈峰环境,['重组概念' '铁路基建' '核电核能']
000968,*ST煤气,['融资融券' '页岩气' 'ST板块']
000969,安泰科技,"['融资融券' '新能源' '国企改革' '3D打印' '锂电池' '稀土永磁' '保险重仓' '业绩预降' '特斯拉' '蓝宝石' '低碳经济'
 '核电核能']"
000970,中科三环,['融资融券' '风能概念' '稀土永磁' '节能' '业绩预降' '特斯拉' '风能' '低碳经济']
000971,高升控股,['重组概念' '博彩概念' '参股金融' '云计算']
000973,佛塑科技,['太阳能' '聚氨酯' '锂电池' '新三板' '节能' '特斯拉' '低碳经济']
000975,银泰资源,['黄金概念' '新能源' '业绩预升']
000976,春晖股份,['准ST股' '铁路基建']
000977,浪潮信息,['军工航天' '国产软件' '云计算']
000979,中弘股份,['赛马概念' '网络游戏' '土地流转' '涉矿概念' '皖江区域' '金融参股']
000980,金马股份,['业绩预升' '皖江区域']
000981,银亿股份,['重组概念' '博彩概念']
000982,中银绒业,['信托重仓' '陕甘宁' '丝绸之路']
000983,西山煤电,['融资融券' '保障房' '保险重仓']
000987,越秀金控,['重组概念' '内贸规划' '新三板' '奢侈品']
000988,华工科技,['高校背景' '武汉规划' '3D打印' '创投概念' '汽车电子' '业绩预降' '特斯拉' '物联网' '金融参股' '分拆上市']
000989,九 芝 堂,['重组概念' '参股金融' '业绩预升' '长株潭']
000990,诚志股份,['高校背景' '民营医院' '金融参股' '分拆上市']
000993,闽东电力,['风能概念' '信托重仓' '参股金融' '稀土永磁' '风能' '海峡西岸' '稀缺资源' '核电核能']
000995,*ST皇台,['陕甘宁' 'ST板块']
000996,中国中期,['参股金融' '股期概念' '金融参股']
000997,新 大 陆,['食品安全' '参股金融' '创投概念' '电子支付' '新三板' '物联网' '海峡西岸']
000998,隆平高科,['QFII重仓' '农村金融' '生物育种' '参股金融' '生态农业' '创投概念' '长株潭']
000999,华润三九,['信托重仓' '基金重仓' '社保重仓' '民营医院' '抗流感' '抗癌' '保险重仓']
001696,宗申动力,['参股金融' '成渝特区']
001896,豫能控股,['重组概念']
001979,招商蛇口,['次新股']
002001,新 和 成,['融资融券' '基金重仓' '维生素' '创投概念']
002002,鸿达兴业,['业绩预升']
002003,伟星股份,['股权激励' '券商重仓']
002004,华邦健康,['股权激励' '民营医院' '成渝特区' '抗癌' '新三板']
002005,德豪润达,['信托重仓' 'O2O模式' '粤港澳' '绿色照明' '业绩预降']
002006,精功科技,['太阳能' '碳纤维' '重组概念' '新能源' '多晶硅' '蓝宝石' '云计算']
002007,华兰生物,['基因芯片' '生物疫苗' '融资融券' '超级细菌' '股权激励' '抗流感' '甲型流感' '基因概念' '保险重仓']
002008,大族激光,['太阳能' '融资融券' '股权激励' '3D打印' '创投概念' '新三板' '苹果概念' '分拆上市']
002009,天奇股份,['风能概念' '循环经济' '新能源' '机器人概念' '智能机器' '业绩预升' '新三板' '风能' '低碳经济']
002010,传化智联,['农村金融' '重组概念' '新三板' '分拆上市']
002011,盾安环境,['股权激励' '多晶硅' '地热能' '节能' '铁路基建' '低碳经济' '核电核能']
002012,凯恩股份,['农村金融' '参股金融' '锂电池' '新三板']
002013,中航机电,['信托重仓' '军工航天']
002014,永新股份,['股权激励' '聚氨酯' '婴童概念']
002015,霞客环保,['固废处理' '节能环保' '重组概念' '循环经济']
002016,世荣兆业,['土地流转' '业绩预升' '粤港澳']
002017,东信和平,['电商概念' '电子支付' '粤港澳' '物联网']
002018,华信国际,['业绩预升' '草甘膦' '皖江区域']
002019,亿帆医药,['太阳能' '碳纤维' '维生素' '业绩预降']
002020,京新药业,['业绩预升']
002021,中捷资源,['涉矿概念' '页岩气' '参股金融' '业绩预升' '金融参股']
002022,科华生物,['生物疫苗' '抗流感' '基因概念' '券商重仓' '保险重仓' '基因测序']
002023,海特高新,['参股金融' '军工航天' '成渝特区' '业绩预升']
002024,苏宁云商,"['互联金融' '融资融券' 'QFII重仓' '基金重仓' '社保重仓' 'O2O模式' '阿里概念' '沿海发展' '内贸规划' '业绩预降'
 '民营银行' '苹果概念']"
002025,航天电器,['军工航天' '卫星导航']
002026,山东威达,['创投概念']
002027,分众传媒,['网络游戏' '体育概念' '准ST股']
002028,思源电气,['股权激励' '业绩预升' '新三板' '上海本地' '特斯拉' '物联网' '充电桩' '智能电网' '低碳经济']
002029,七 匹 狼,['股权激励' '基金重仓' 'O2O模式' '海峡西岸']
002030,达安基因,['基因芯片' '生物疫苗' '股权激励' '高校背景' '食品安全' '抗流感' '基因概念' '新三板' '基因测序']
002031,巨轮智能,['股权激励' '机器人概念' '智能机器' '业绩预升' '民营银行']
002032,苏 泊 尔,['股权激励' '外资背景']
002034,美 欣 达,['股权激励' '循环经济' '业绩预升' '污水处理']
002035,华帝股份,['太阳能' '新能源' '业绩预升']
002036,联创电子,['重组概念' '军工航天']
002038,双鹭药业,['生物疫苗' '融资融券' '基金重仓' '社保重仓' '民营医院' '抗癌' '新三板' '分拆上市']
002039,黔源电力,['准ST股']
002040,南 京 港,['海上丝路']
002041,登海种业,['融资融券' '生物育种' '生态农业' '业绩预升' '黄河三角']
002042,华孚色纺,['农村金融' '股权激励' '参股金融' '业绩预升']
002044,美年健康,['重组概念' '沿海发展' '卫星导航']
002045,国光电器,['锂电池' '触摸屏' '特斯拉']
002046,轴研科技,['重组概念' '军工航天' '整体上市' '铁路基建']
002047,宝鹰股份,['准ST股' '外资背景']
002048,宁波华翔,['碳纤维' '业绩预升' '汽车电子' '特斯拉']
002049,紫光国芯,['军工航天' '业绩预升' '券商重仓' '电子支付' '蓝宝石']
002050,三花智控,['太阳能']
002051,中工国际,['融资融券' 'QFII重仓' '基金重仓' '社保重仓' '国企改革' '污水处理' '水利建设']
002052,同洲电子,['体育概念' '业绩预升' '新三板' '卫星导航' '三网融合']
002053,云南能投,['重组概念']
002054,德美化工,['股权激励' '业绩预升' '创投概念' '新三板' '分拆上市']
002055,得润电子,['智能穿戴' '股权激励' '触摸屏' '汽车电子']
002056,横店东磁,['太阳能' '融资融券' '锂电池' '触摸屏' '业绩预升' '稀土永磁' '特斯拉' '低碳经济']
002057,中钢天源,['锂电池' '业绩预升' '稀土永磁' '皖江区域']
002058,威 尔 泰,['业绩预降' '智能电网' '核电核能']
002059,云南旅游,['业绩预升']
002060,粤 水 电,['风能概念' '新能源' '生物质能' '券商重仓' '粤港澳' '风能' '水利建设']
002061,*ST江化,['聚氨酯' '业绩预降' 'ST板块']
002062,宏润建设,['太阳能' '充电桩']
002063,远光软件,['股权激励' '基金重仓' '参股金融' '粤港澳' '云计算']
002064,华峰氨纶,['聚氨酯' '业绩预升' '民营银行']
002065,东华软件,['股权激励' '基金重仓' '军工航天' '国产软件' '云计算']
002067,景兴纸业,['土地流转' '新三板' '业绩预降']
002068,黑猫股份,['业绩预降']
002069,*ST獐岛,['融资融券' '生物育种' '股权激励' 'O2O模式' '水域改革' '业绩预降' 'ST板块']
002070,众和股份,['土地流转' '信托重仓' '涉矿概念' '锂电池' '海峡西岸']
002071,长城影视,['重组概念']
002072,凯瑞德,['博彩概念' '黄河三角']
002073,软控股份,['融资融券' '机器人概念' '智能机器' '智能交通' '自贸区' '保险重仓' '物联网' '日韩贸易' '东亚自贸']
002074,国轩高科,['重组概念' '新能源' '沿海发展' '锂电池' '充电桩' '智能电网']
002075,沙钢股份,['参股金融' '业绩预降' '民营银行']
002076,雪 莱 特,['节能环保' '业绩预升' '绿色照明' '充电桩' '空气治理' '低碳经济']
002077,大港股份,['太阳能' '重组概念' '新能源' '沿海发展' '军工航天' '锂电池' '新三板']
002078,太阳纸业,['股权激励']
002079,苏州固锝,['股权激励' '创投概念' '业绩预降' '物联网' '苹果概念']
002080,中材科技,['风能概念' '新能源' '锂电池' '风能']
002081,金 螳 螂,['融资融券' '装饰园林' '股权激励' '基金重仓' '社保重仓' 'O2O模式' '沿海发展' '体育概念']
002082,栋梁新材,['建筑节能']
002083,孚日股份,['太阳能' '新能源' '多晶硅' '业绩预升' '黄河三角' '低碳经济']
002084,海鸥卫浴,['股权激励' '地热能' '智能家居']
002085,万丰奥威,['锂电池']
002086,东方海洋,['生物育种' '信托重仓' '水域改革' '黄河三角']
002087,新野纺织,['农村金融' '土地流转' '参股金融']
002088,鲁阳节能,['节能环保' '节能' '建筑节能' '低碳经济']
002089,新 海 宜,['网络游戏' '农村金融' '股权激励' '参股金融' '军工航天' 'IPV6概念' '新三板' '宽带提速' '三网融合']
002090,金智科技,['股权激励' '安防服务' '参股金融' '智能电网']
002091,江苏国泰,['股权激励' '重组概念' '参股金融' '锂电池' '特斯拉' '金融参股' '分拆上市' '低碳经济']
002092,中泰化学,['融资融券' '节能环保' '社保重仓' '业绩预降' '石墨烯']
002093,国脉科技,['4G概念' '参股金融' '物联网' '云计算' '三网融合' '海峡西岸']
002094,青岛金王,['参股金融' '自贸区' '新三板' '日韩贸易' '东亚自贸' '金融参股']
002095,生 意 宝,['互联金融' '电商概念' 'IPV6概念' '电子支付' '新三板' '云计算']
002096,南岭民爆,['长株潭']
002097,山河智能,['军工航天' '智能机器' '业绩预升' '长株潭']
002098,浔兴股份,['股权激励' '参股金融' '体育概念' '业绩预升' '海峡西岸']
002099,海翔药业,['股权激励' '业绩预降']
002100,天康生物,['生物疫苗' '猪肉']
002101,广东鸿图,['重组概念' '特斯拉' '分拆上市']
002102,冠福股份,['黄金概念' '重组概念' '海峡西岸']
002104,恒宝股份,['4G概念' '电子支付' '物联网' '三网融合']
002105,信隆健康,['体育概念']
002106,莱宝高科,['融资融券' '社保重仓' '触摸屏' '业绩预降' '苹果概念']
002107,沃华医药,['抗流感' '创投概念' '黄河三角']
002108,沧州明珠,['参股金融' '锂电池' '京津冀']
002109,*ST兴化,['重组概念' '参股金融' '陕甘宁' '业绩预降' 'ST板块']
002110,三钢闽光,['重组概念' '海峡西岸']
002111,威海广泰,['节能环保' '参股金融' '军工航天' '券商重仓' '金融参股']
002112,三变科技,['农村金融' '参股金融' '准ST股' '智能电网']
002113,天润数娱,['业绩预降' '长株潭']
002115,三维通信,['4G概念' '业绩预降']
002116,中国海诚,['股权激励']
002117,东港股份,['股权激励' '博彩概念' '电子支付']
002118,紫鑫药业,['基因芯片' '图们江' '参股金融' '基因概念' '业绩预降' '基因测序']
002119,康强电子,['触摸屏' '电子支付']
002120,新海股份,['农村金融' '重组概念' '金融改革' '参股金融' '业绩预降']
002121,科陆电子,['太阳能' '股权激励' '安防服务' '锂电池' '新三板' '节能' '特斯拉' '物联网' '充电桩' '智能电网' '智能家居']
002122,天马股份,['风能概念' '智能机器' '业绩预降' '风能' '铁路基建']
002123,梦网荣信,['重组概念' '节能' '业绩预降' '充电桩' '智能电网' '分拆上市' '低碳经济']
002124,天邦股份,['股权激励' '循环经济' '生物燃料' '生物质能' '猪肉']
002125,湘潭电化,['涉矿概念' '污水处理' '长株潭']
002126,银轮股份,['股权激励' '金融改革' '业绩预升' '空气治理']
002127,南极电商,['重组概念']
002128,露天煤业,['社保重仓' '业绩预降']
002129,中环股份,['太阳能' '社保重仓' '新能源' '业绩预升' '新三板' '蓝宝石']
002130,沃尔核材,['节能环保' '股权激励' '超导概念' '新三板' '风能' '核电核能']
002131,利欧股份,['重组概念' '金融改革' '智能交通' '新三板' '水利建设']
002132,恒星科技,['太阳能' '农村金融']
002133,广宇集团,['金融改革']
002136,安 纳 达,['皖江区域']
002137,麦达数字,['新三板' '绿色照明']
002138,顺络电子,['前海概念' '股权激励' '电子支付']
002139,拓邦股份,['太阳能' '股权激励' '安防服务' '锂电池' '新三板' '节能' '物联网' '智能家居' '石墨烯']
002140,东华科技,['节能环保' '券商重仓' '污水处理' '皖江区域']
002142,宁波银行,['融资融券' 'QFII重仓']
002144,宏达高科,['新三板']
002145,中核钛白,['陕甘宁' '空气治理' '低碳经济']
002146,荣盛发展,['融资融券' '股权激励' '社保重仓' '京津冀']
002147,新光圆成,['农村金融' '股权激励' '重组概念' '机器人概念' '参股金融' '智能机器' '业绩预降' '皖江区域']
002148,北纬通信,['4G概念' '网络游戏' '创投概念' '三网融合']
002149,西部材料,['超导概念' '陕甘宁' '准ST股' '核电核能']
002151,北斗星通,['重组概念' '军工航天' '海工装备' '卫星导航' '物联网']
002152,广电运通,['社保重仓' '电子支付' '铁路基建']
002153,石基信息,['股权激励' '阿里概念' '国产软件']
002154,报 喜 鸟,['股权激励']
002155,湖南黄金,['黄金概念' '融资融券' '社保重仓' '业绩预降' '长株潭']
002156,通富微电,['沿海发展' '触摸屏' '业绩预升' '创投概念' '电子支付' '特斯拉']
002157,正邦科技,['生物育种' '重组概念' '生态农业' '新三板' '业绩预降' '猪肉']
002158,汉钟精机,['机器人概念' '地热能']
002159,三特索道,['重组概念' '参股金融' '武汉规划']
002161,远 望 谷,['股权激励' '食品安全' '物联网' '铁路基建']
002162,悦心健康,['涉矿概念' '迪士尼' '准ST股']
002163,中航三鑫,['太阳能' '节能环保' '装饰园林' '新三板' '建筑节能']
002164,宁波东力,['重组概念' '新能源' '业绩预降' '风能']
002165,红 宝 丽,['太阳能' '股权激励' '聚氨酯' '锂电池' '建筑节能']
002166,莱茵生物,['生物疫苗' '超级细菌' '抗流感' '参股金融']
002167,东方锆业,['QFII重仓' '信托重仓' '股权激励' '军工航天' '燃料电池' '业绩预降' '核电核能']
002168,深圳惠程,['前海概念' '碳纤维' '体育概念' '海水淡化' '污水处理']
002169,智光电气,['股权激励' '重组概念' '业绩预升' '节能' '业绩预降' '物联网' '智能电网' '建筑节能' '低碳经济']
002170,芭田股份,['土地流转' '股权激励' '生态农业']
002171,楚江新材,['3D打印' '资产注入' '锂电池' '整体上市' '皖江区域' '民营银行']
002172,澳洋科技,['股权激励' '基因概念' '准ST股']
002173,*ST创疗,['股权激励' '水域改革' 'ST板块' '奢侈品']
002174,游族网络,['网络游戏' '股权激励' '重组概念']
002176,江特电机,['涉矿概念' '股权激励' '锂电池']
002177,御银股份,['农村金融' '股权激励' '参股金融' '电子支付' '民营银行']
002178,延华智能,['重组概念' '金融改革' '业绩预升' '节能' '建筑节能']
002179,中航光电,['军工航天' '新三板']
002180,艾派克,['重组概念' '粤港澳' '智能电网']
002181,粤 传 媒,['文化振兴' '网络游戏' '博彩概念' '体育概念']
002182,云海金属,['业绩预升' '苹果概念']
002183,怡 亚 通,['上海自贸' '前海概念' '股权激励' '金融改革' 'O2O模式' '物联网' '民营银行' '三网融合']
002184,海得控制,['智能电网']
002185,华天科技,['土地流转' '陕甘宁' '触摸屏']
002187,广百股份,['粤港澳']
002189,利达光电,['太阳能' '业绩预降']
002190,成飞集成,['军工航天' '锂电池' '充电桩']
002191,劲嘉股份,['基因概念']
002192,融捷股份,['涉矿概念' '锂电池' '粤港澳' '稀缺资源']
002193,山东如意,['业绩预降']
002194,武汉凡谷,['4G概念' '武汉规划' '宽带提速' '业绩预降' '三网融合']
002195,二三四五,['股权激励' '创投概念' '国产软件' '业绩预降' '云计算']
002196,方正电机,['重组概念' '业绩预降']
002197,证通电子,['博彩概念' '电子支付' '新三板' '绿色照明' '业绩预降' '云计算']
002198,嘉应制药,['业绩预升']
002199,*ST东晶,['蓝宝石' 'ST板块']
002200,云投生态,['节能环保' '装饰园林']
002201,九鼎新材,['风能概念' '沿海发展' '参股金融' '风能']
002202,金风科技,['融资融券' '风能概念' '社保重仓' '新能源' '业绩预升' '含H股' '新三板' '风能' '苹果概念' '低碳经济']
002203,海亮股份,['涉矿概念' '参股金融' '业绩预升' '海水淡化' '特斯拉' '空气治理']
002204,大连重工,['参股金融' '业绩预降']
002205,国统股份,['业绩预升' '节能' '水利建设']
002206,海 利 得,['涉矿概念' '锂电池']
002207,准油股份,['油气改革' '丝绸之路' '业绩预升']
002208,合肥城建,['业绩预降' '皖江区域']
002209,达 意 隆,['智能机器' '业绩预降']
002210,飞马国际,['油气改革' '物联网']
002211,宏达新材,['准ST股']
002212,南洋股份,['充电桩' '核电核能']
002213,特 尔 佳,['股权激励']
002214,大立科技,['安防服务' '军工航天']
002215,诺 普 信,['股权激励' 'O2O模式' '生态农业' '新三板']
002217,合力泰,['触摸屏' '黄河三角']
002218,拓日新能,['太阳能' '股权激励' '新能源' '多晶硅' '业绩预降']
002219,恒康医疗,['信托重仓' '股权激励' '民营医院' '陕甘宁' '抗癌' '业绩预升']
002220,天宝股份,['振兴沈阳']
002221,东华能源,['股权激励' '页岩气']
002222,福晶科技,['3D打印' '海峡西岸']
002223,鱼跃医疗,['社保重仓' '阿里概念' '养老概念']
002224,三 力 士,['军工航天' '业绩预升']
002225,濮耐股份,['涉矿概念' '股权激励']
002226,江南化工,['股权激励' '皖江区域']
002227,奥 特 迅,['股权激励' '业绩预升' '充电桩' '低碳经济' '核电核能']
002228,合兴包装,['业绩预升' '海峡西岸']
002229,鸿博股份,['网络游戏' '农村金融' '博彩概念' '参股金融' '绿色照明' '海峡西岸']
002230,科大讯飞,['融资融券' '智能穿戴' '股权激励' '基金重仓' '安防服务' '阿里概念' '业绩预升' '皖江区域']
002231,奥维通信,['军工航天' '宽带提速' '业绩预降' '物联网' '养老概念' '振兴沈阳']
002232,启明信息,['图们江' '汽车电子' '智能交通' '卫星导航' '业绩预降']
002233,塔牌集团,['节能环保' '业绩预升' '保障房' '粤港澳']
002234,民和股份,['生物质能']
002235,安妮股份,['重组概念' '博彩概念' '海峡西岸']
002236,大华股份,['融资融券' '股权激励' '基金重仓' '安防服务' '业绩预升' '智能交通']
002237,恒邦股份,['黄金概念' '参股金融']
002238,天威视讯,['文化振兴' '重组概念' '新三板' '三网融合']
002239,奥特佳,['涉矿概念' '沿海发展' '业绩预升']
002240,威华股份,['锂电池' '稀土永磁']
002241,歌尔股份,['融资融券' '智能穿戴' '股权激励' '基金重仓' '社保重仓' '业绩预升' '含可转债' '绿色照明' '保险重仓' '苹果概念']
002242,九阳股份,['黄河三角']
002244,滨江集团,['信托重仓' '业绩预升']
002245,澳洋顺昌,['金融改革' '创投概念' '含可转债' '绿色照明']
002246,北化股份,['重组概念' '聚氨酯' '军工航天']
002247,帝龙文化,['装饰园林' '重组概念']
002248,华东数控,['太阳能' '重组概念' '机器人概念' '铁路基建' '核电核能']
002249,大洋电机,['节能环保' '重组概念']
002250,联化科技,['股权激励' '基金重仓' '金融改革']
002251,步 步 高,['O2O模式' '内贸规划' '长株潭']
002252,上海莱士,['超级细菌']
002253,川大智胜,['安防服务' '军工航天' '智能交通']
002254,泰和新材,['碳纤维' '聚氨酯' '军工航天' '业绩预升' '黄河三角']
002255,海陆重工,['固废处理' '节能环保' '信托重仓' '股权激励' '沿海发展' '新三板' '污水处理' '低碳经济' '核电核能']
002256,兆新股份,['太阳能' '节能环保' '业绩预升' '节能']
002258,利尔化学,['业绩预升']
002259,升达林业,['重组概念' '成渝特区' '业绩预升' '准ST股' '风沙治理']
002261,拓维信息,['4G概念' '文化振兴' '网络游戏' '重组概念' '博彩概念' '三网融合' '长株潭']
002263,大 东 南,['信托重仓' '锂电池' '生态农业']
002264,新 华 都,['赛马概念' '股权激励' '重组概念' '博彩概念' 'O2O模式' '业绩预降' '海峡西岸']
002265,西仪股份,['重组概念' '军工航天' '准ST股']
002266,浙富控股,['股权激励' '核电核能']
002267,陕天然气,['信托重仓' '社保重仓' '陕甘宁']
002268,卫 士 通,['互联金融' '军工航天' '信息安全' 'IPV6概念' '电子支付' '整体上市' '云计算' '三网融合']
002269,美邦服饰,['融资融券' '股权激励' 'O2O模式' '金融参股']
002270,华明装备,['重组概念' '机器人概念' '智能机器' '黄河三角']
002271,东方雨虹,['股权激励' 'O2O模式' '业绩预升' '民营银行' '铁路基建']
002272,川润股份,['业绩预降']
002273,水晶光电,['太阳能' '智能穿戴' '股权激励' '社保重仓' '触摸屏' '蓝宝石' '苹果概念']
002274,华昌化工,['沿海发展' '燃料电池' '氢燃料']
002275,桂林三金,['抗癌']
002276,万马股份,['农村金融' '参股金融' '军工航天' '业绩预升' '充电桩' '核电核能']
002277,友阿股份,"['QFII重仓' '农村金融' '股权激励' '金融改革' '博彩概念' 'O2O模式' '参股金融' '内贸规划' '民营银行' '奢侈品'
 '金融参股' '长株潭']"
002278,神开股份,['页岩气' '海工装备']
002279,久其软件,['股权激励' '重组概念' '国产软件' '新三板']
002281,光迅科技,['4G概念' '股权激励' '武汉规划' '宽带提速' '三网融合']
002282,博深工具,['京津冀' '铁路基建']
002284,亚太股份,['业绩预升' '汽车电子']
002285,世联行,['金融改革' '业绩预升' '养老概念']
002286,保龄宝,['民营银行']
002287,奇正藏药,['参股金融']
002288,超华科技,['智能穿戴' '安防服务' '重组概念']
002289,*ST宇顺,['触摸屏' 'ST板块' '苹果概念']
002290,禾盛新材,['股权激励']
002291,星期六,['O2O模式']
002292,奥飞娱乐,['文化振兴' '网络游戏' '新三板' '婴童概念' '三网融合']
002293,罗莱生活,['股权激励' 'O2O模式']
002294,信立泰,['前海概念' '业绩预升' '保险重仓']
002296,辉煌科技,['业绩预升' '智能交通' '铁路基建']
002297,博云新材,['碳纤维' '重组概念' '高校背景' '军工航天' '石墨烯' '长株潭']
002298,中电鑫龙,['股权激励' '安防服务' '重组概念' '皖江区域' '民营银行' '充电桩' '铁路基建']
002299,圣农发展,['社保重仓' '食品安全' '券商重仓']
002300,太阳电缆,['超导概念' '军工航天']
002301,齐心集团,['QFII重仓' '股权激励' '业绩预降']
002302,西部建设,['丝绸之路']
002303,美盈森,['军工航天' '业绩预升' '物联网']
002304,洋河股份,['融资融券' '基金重仓']
002305,南国置业,['信托重仓' '股权激励' '武汉规划' '业绩预升']
002306,中科云网,['节能环保' '股权激励' '摘帽概念']
002307,北新路桥,['丝绸之路' '新三板']
002308,威创股份,['股权激励' '军工航天']
002309,中利科技,['太阳能' '参股金融' '3D打印' '军工航天' '金融参股']
002310,东方园林,['装饰园林' '股权激励' '基金重仓' 'O2O模式' '污水处理']
002311,海大集团,['信托重仓' '股权激励' '社保重仓' '猪肉']
002312,三泰控股,['股权激励' '安防服务' '重组概念' '券商重仓' '新三板' '业绩预降']
002313,日海通讯,['4G概念' '股权激励' '业绩预升' '宽带提速' '三网融合']
002314,南山控股,['海工装备']
002315,焦点科技,['电商概念' '参股金融' 'IPV6概念' '电子支付' '云计算']
002316,键桥通讯,['4G概念' '智能交通' '三网融合']
002317,众生药业,['重组概念']
002318,久立特材,['海工装备' '海水淡化' '核电核能']
002319,乐通股份,['石墨烯']
002320,海峡股份,['三沙概念' '重组概念']
002321,华英农业,['参股金融' '金融参股']
002322,理工环科,['股权激励' '业绩预升' '智能电网']
002323,雅百特,['太阳能' '重组概念' '参股金融']
002324,普利特,['股权激励']
002325,洪涛股份,['装饰园林' '股权激励' '业绩预升' '含可转债']
002326,永太科技,['涉矿概念' '参股金融']
002327,富安娜,['股权激励' 'O2O模式']
002328,新朋股份,['涉矿概念' '业绩预降']
002329,皇氏集团,['重组概念']
002330,得利斯,['猪肉']
002331,皖通科技,['业绩预升' '智能交通' '皖江区域']
002332,仙琚制药,['维生素']
002333,罗普斯金,['股权激励' '苹果概念']
002334,英威腾,['股权激励' '机器人概念' '节能']
002335,科华恒盛,['太阳能' '股权激励' '节能' '充电桩']
002336,*ST人乐,['前海概念' 'ST板块']
002337,赛象科技,['股权激励' '业绩预升']
002338,奥普光电,['军工航天']
002339,积成电子,['3D打印' '军工航天' '新三板' '物联网' '智能电网']
002340,格林美,['太阳能' '固废处理' '循环经济' '锂电池' '新三板' '特斯拉' '石墨烯' '稀缺资源']
002341,新纶科技,['锂电池' '空气治理' '石墨烯' '苹果概念']
002342,巨力索具,['QFII重仓' '军工航天' '海工装备' '京津冀']
002343,慈文传媒,['重组概念']
002344,海宁皮城,['金融改革' '社保重仓' 'O2O模式' '内贸规划' '业绩预升']
002345,潮宏基,['黄金概念' '股权激励' 'O2O模式' '奢侈品']
002346,柘中股份,['保障房']
002347,泰尔股份,['皖江区域']
002348,高乐股份,['网络游戏' '3D打印' '业绩预升' '婴童概念']
002349,精华制药,['重组概念' '新三板']
002350,北京科锐,['股权激励' '军工航天']
002352,鼎泰新材,['重组概念' '稀土永磁' '皖江区域']
002353,杰瑞股份,['页岩气' '油气改革' '海工装备' '业绩预升' '黄河三角']
002354,天神娱乐,['网络游戏']
002355,兴民智通,['业绩预升' '黄河三角']
002356,赫美集团,['智能电网']
002357,富临运业,['重组概念' '参股金融' '成渝特区' '充电桩']
002358,森源电气,['太阳能' '充电桩']
002359,齐星铁塔,['网络游戏' '保障房' '黄河三角']
002360,同德化工,['民营银行']
002361,神剑股份,['3D打印' '军工航天' '皖江区域' '民营银行' '铁路基建']
002362,汉王科技,['智能穿戴' '触摸屏' '准ST股']
002363,隆基机械,['业绩预升' '充电桩' '黄河三角']
002364,中恒电气,['4G概念' '股权激励' '充电桩' '核电核能']
002365,永安药业,['业绩预降']
002366,台海核电,['节能环保' '土地流转' '成渝特区' '节能' '核电核能']
002367,康力电梯,['信托重仓' '股权激励' '保障房']
002368,太极股份,['节能环保' '重组概念' '军工航天' '汽车电子' '券商重仓' '国产软件' '整体上市' '云计算']
002369,卓翼科技,['4G概念']
002371,七星电子,['太阳能' '本月解禁']
002372,伟星新材,['股权激励' '保障房' '节能' '建筑节能']
002373,千方科技,['股权激励' '智能交通']
002374,丽鹏股份,['装饰园林' '黄河三角']
002375,亚厦股份,['装饰园林' '股权激励' '基金重仓' '3D打印' '业绩预升']
002376,新北洋,['东亚自贸' '黄河三角']
002377,国创高新,['武汉规划']
002378,章源钨业,['业绩预降' '稀缺资源']
002379,*ST鲁丰,['节能环保' '节能' 'ST板块' '黄河三角']
002380,科远股份,['节能环保' '机器人概念' '智能机器' '节能']
002381,双箭股份,['业绩预升' '养老概念']
002382,蓝帆医疗,['黄河三角']
002383,合众思壮,['股权激励' '重组概念' '卫星导航']
002384,东山精密,['太阳能' '新三板' '绿色照明' '特斯拉']
002385,大北农,['生物育种' '股权激励' '基金重仓' '生态农业' '猪肉']
002386,天原集团,['参股金融' '成渝特区']
002387,黑牛食品,['股权激励' '业绩预降']
002388,新亚制程,['触摸屏' '新三板']
002389,南洋科技,['太阳能' '股权激励' '锂电池' '业绩预降' '石墨烯']
002390,信邦制药,['重组概念' '参股金融']
002391,长青股份,['股权激励' '券商重仓' '草甘膦']
002392,北京利尔,['涉矿概念' '节能' '金融参股']
002393,力生制药,['生物疫苗']
002395,双象股份,['体育概念']
002396,星网锐捷,['IPV6概念' '电子支付' '宽带提速' '云计算' '海峡西岸']
002397,梦洁股份,['农村金融' '股权激励' 'O2O模式' '参股金融' '长株潭']
002398,建研集团,['业绩预升' '节能' '民营银行' '海峡西岸']
002399,海普瑞,['股权激励']
002400,省广股份,['QFII重仓' '业绩预升' '新三板']
002401,中海科技,['阿里概念' '智能交通']
002402,和而泰,['新三板' '绿色照明' '物联网' '智能家居']
002403,爱仕达,['土地流转']
002404,嘉欣丝绸,['金融改革' '石墨烯']
002405,四维图新,['重组概念' '军工航天' '汽车电子' '智能交通' '卫星导航' '业绩预降' '特斯拉']
002406,远东传动,['军工航天']
002407,多氟多,['节能环保' '股权激励' '锂电池' '业绩预降']
002408,齐翔腾达,['节能环保' '聚氨酯' '黄河三角']
002409,雅克科技,['聚氨酯']
002410,广联达,['业绩预升']
002411,必康股份,['股权激励' '重组概念' '锂电池' '业绩预降']
002412,汉森制药,['长株潭']
002413,雷科防务,['军工航天' '地热能']
002414,高德红外,['武汉规划' '军工航天']
002415,海康威视,['融资融券' '股权激励' '基金重仓' '安防服务' '社保重仓' '智能交通' '整体上市']
002416,爱施德,['前海概念' '网络游戏' '股权激励' '博彩概念' '苹果概念']
002417,三元达,['4G概念' '摘帽概念' '宽带提速' '海峡西岸']
002418,康盛股份,['农村金融' '涉矿概念' '金融改革' '参股金融' '业绩预降']
002419,天虹商场,['博彩概念' 'O2O模式' '内贸规划']
002421,达实智能,['节能环保' '股权激励' '重组概念' '业绩预升' '建筑节能']
002422,科伦药业,['融资融券' '基金重仓' '成渝特区' '抗癌' '保险重仓']
002423,*ST中特,['军工航天' '海工装备' '新三板' 'ST板块']
002424,贵州百灵,['民营医院']
002425,凯撒文化,['重组概念' 'O2O模式']
002426,胜利精密,['股权激励' '锂电池' '触摸屏' '新三板']
002427,尤夫股份,['锂电池' '业绩预降']
002428,云南锗业,['军工航天' '业绩预升' '稀缺资源']
002429,兆驰股份,['股权激励' '新三板' '绿色照明']
002430,杭氧股份,['QFII重仓' '券商重仓']
002431,棕榈股份,['装饰园林' '股权激励' '体育概念']
002432,九安医疗,['智能穿戴' '苹果概念']
002433,太安堂,['业绩预升']
002434,万里扬,['军工航天']
002435,长江润发,['重组概念']
002436,兴森科技,['股权激励' '机器人概念' '军工航天']
002437,誉衡药业,['农村金融' '参股金融' '抗癌' '基因概念' '新三板']
002438,江苏神通,['核电核能']
002439,启明星辰,['军工航天' '信息安全' 'IPV6概念' '创投概念']
002440,闰土股份,['业绩预升']
002441,众业达,['特斯拉']
002442,龙星化工,['固废处理' '京津冀' '业绩预降' '石墨烯']
002443,金洲管道,['油气改革' '石墨烯']
002444,巨星科技,['安防服务' '页岩气' 'O2O模式' '参股金融' '业绩预升']
002445,中南文化,['QFII重仓' '海工装备']
002446,盛路通信,['4G概念' '重组概念' '军工航天' '汽车电子']
002447,壹桥股份,['农村金融' '生物育种' '参股金融' '水域改革']
002448,中原内配,['QFII重仓']
002449,国星光电,['涉矿概念' '绿色照明']
002450,康得新,['股权激励' '基金重仓' '社保重仓' '业绩预升' '石墨烯']
002451,摩恩电气,['军工航天' '业绩预升' '风能']
002452,长高集团,['股权激励' '安防服务' '重组概念' '业绩预升' '长株潭']
002453,天马精化,['新三板']
002455,百川股份,['锂电池']
002456,欧菲光,['触摸屏' '业绩预升' '汽车电子' '苹果概念']
002457,青龙管业,['陕甘宁' '民营银行' '水利建设']
002458,益生股份,['猪肉' '黄河三角']
002459,天业通联,['涉矿概念']
002460,赣锋锂业,['股权激励' '锂电池' '特斯拉']
002461,珠江啤酒,['广东自贸' '粤港澳']
002463,沪电股份,['汽车电子']
002465,海格通信,['信托重仓' '军工航天' '券商重仓' '新三板' '卫星导航']
002466,天齐锂业,['成渝特区' '锂电池' '业绩预降' '特斯拉']
002467,二六三,['业绩预升' '新三板' '本月解禁']
002468,申通快递,['重组概念' '地热能' '业绩预降' '智能家居' '本月解禁']
002469,三维工程,['节能环保' '业绩预升' '本月解禁' '黄河三角']
002470,金正大,['装饰园林' '涉矿概念' '生态农业' '本月解禁' '黄河三角']
002471,中超控股,['超导概念' '业绩预升' '新三板' '石墨烯' '本月解禁']
002472,双环传动,['本月解禁']
002473,圣莱达,['业绩预降' '本月解禁']
002474,榕基软件,['安防服务' '信息安全' '国产软件' '物联网' '本月解禁' '海峡西岸']
002475,立讯精密,['本月解禁' '苹果概念']
002476,宝莫股份,['页岩气' '本月解禁' '黄河三角']
002477,雏鹰农牧,['股权激励' '食品安全' 'O2O模式' '参股金融' '业绩预降' '猪肉' '本月解禁']
002478,常宝股份,['QFII重仓' '本月解禁' '核电核能']
002479,富春环保,['固废处理' '节能环保' '股权激励' '循环经济' '本月解禁']
002480,新筑股份,['成渝特区' '本月解禁' '铁路基建']
002481,双塔食品,['涉矿概念' '业绩预降' '本月解禁' '黄河三角']
002482,广田集团,['装饰园林' '股权激励' '体育概念' '业绩预升' '新三板' '本月解禁']
002483,润邦股份,['海工装备' '业绩预升' '新三板' '污水处理' '本月解禁']
002484,江海股份,['特斯拉' '本月解禁']
002485,希努尔,['黄河三角']
002486,嘉麟杰,['网络游戏']
002487,大金重工,['风能概念' '业绩预升' '风能']
002488,金固股份,['O2O模式']
002489,浙江永强,['新三板']
002490,山东墨龙,['页岩气' '海工装备' '含H股' '黄河三角']
002491,通鼎互联,['4G概念' '股权激励' '锂电池' '新三板' '宽带提速']
002492,恒基达鑫,['重组概念']
002493,荣盛石化,['油气改革' '参股金融' '业绩预降']
002494,华斯股份,['奢侈品']
002495,佳隆股份,['股权激励']
002496,辉丰股份,['股权激励' '参股金融' '业绩预升' '含可转债' '新三板']
002497,雅化集团,['成渝特区' '锂电池']
002498,汉缆股份,['超导概念' '自贸区' '日韩贸易' '东亚自贸' '黄河三角']
002499,科林环保,['节能环保' '节能' '业绩预降' '空气治理']
002500,山西证券,['融资融券' '创投概念']
002501,利源精制,['图们江' '军工航天' '业绩预升' '券商重仓' '特斯拉' '铁路基建' '苹果概念']
002502,骅威文化,['文化振兴' '网络游戏' '重组概念' '婴童概念']
002503,搜于特,['O2O模式']
002504,弘高创意,['业绩预降']
002505,大康农业,['业绩预降' '猪肉' '长株潭']
002506,协鑫集成,['太阳能' '多晶硅']
002507,涪陵榨菜,['成渝特区']
002509,天广中茂,['重组概念' '业绩预升' '海峡西岸']
002510,天汽模,['天津自贸' '含可转债' '特斯拉']
002511,中顺洁柔,['QFII重仓' '婴童概念']
002512,达华智能,['智能穿戴' '食品安全' '电子支付' '智能交通' '物联网']
002513,*ST蓝丰,['ST板块']
002514,宝馨科技,['业绩预降']
002515,金字火腿,['创投概念']
002516,旷达科技,['太阳能']
002517,恺英网络,['业绩预降' '海峡西岸']
002518,科士达,['太阳能' '股权激励' '充电桩']
002519,银河电子,['股权激励' '军工航天' '充电桩' '三网融合']
002520,日发精机,['赛马概念' '机器人概念' '军工航天' '智能机器' '业绩预降']
002521,齐峰新材,['股权激励' '黄河三角']
002522,浙江众成,['金融改革']
002523,天桥起重,['业绩预升' '长株潭']
002526,山东矿机,['参股金融' '3D打印' '业绩预降' '黄河三角']
002527,新时达,['股权激励' '重组概念' '机器人概念' '智能机器' '节能']
002528,英飞拓,['股权激励' '安防服务']
002529,海源机械,['节能环保' '3D打印' '业绩预降' '海峡西岸']
002530,丰东股份,['重组概念']
002531,天顺风能,['风能概念' '风能']
002532,新界泵业,['水利建设']
002533,金杯电工,['充电桩' '长株潭']
002534,杭锅股份,['核电核能']
002535,林州重机,['股权激励' '安防服务' '页岩气']
002537,海立美达,['股权激励' '重组概念' '电子支付' '自贸区' '日韩贸易' '东亚自贸' '黄河三角']
002538,司尔特,['O2O模式' '皖江区域']
002539,云图控股,['成渝特区' '生态农业']
002540,亚太科技,['3D打印' '海水淡化' '特斯拉']
002541,鸿路钢构,['股权激励' '皖江区域']
002542,中化岩土,['军工航天']
002544,杰赛科技,['4G概念' '重组概念' '军工航天' 'IPV6概念' '云计算']
002545,东方铁塔,['农村金融' '涉矿概念' '重组概念' '参股金融' '3D打印' '自贸区' '日韩贸易' '东亚自贸' '黄河三角']
002547,春兴精工,['军工航天' '业绩预升' '特斯拉']
002548,金新农,['股权激励' '重组概念' '业绩预降' '猪肉']
002549,凯美特气,['信托重仓' '业绩预升' '燃料电池' '空气治理' '长株潭']
002550,千红制药,['民营医院']
002552,宝鼎科技,['金融改革' '业绩预降']
002554,惠博普,['页岩气' '业绩预升']
002555,三七互娱,['网络游戏' '新三板' '业绩预降' '皖江区域']
002556,辉隆股份,['土地流转' '皖江区域']
002557,洽洽食品,['皖江区域']
002558,世纪游轮,['重组概念' '成渝特区' '业绩预降']
002559,亚威股份,['机器人概念' '智能机器' '创投概念']
002560,通达股份,['金融改革' '军工航天']
002561,徐家汇,['O2O模式' '内贸规划']
002562,兄弟科技,['维生素' '业绩预降']
002563,森马服饰,['O2O模式']
002564,天沃科技,['军工航天' '核电核能']
002565,顺灏股份,['业绩预升']
002566,益盛药业,['图们江']
002567,唐人神,['股权激励' '参股金融' '猪肉' '民营银行' '长株潭']
002568,百润股份,['业绩预降']
002570,贝因美,['社保重仓' '业绩预升' '婴童概念']
002571,德力股份,['农村金融' '业绩预升' '皖江区域' '婴童概念']
002572,索菲亚,['股权激励' '券商重仓']
002573,清新环境,['节能环保' '信托重仓' '业绩预升' '污水处理' '空气治理']
002574,明牌珠宝,['黄金概念' '奢侈品']
002575,群兴玩具,['金融改革' '婴童概念']
002576,通达动力,['3D打印' '军工航天' '业绩预降' '风能']
002577,雷柏科技,['网络游戏' '智能机器']
002578,闽发铝业,['海峡西岸']
002579,中京电子,['智能穿戴']
002580,圣阳股份,['股权激励' '锂电池' '新三板' '黄河三角']
002581,未名医药,['黄河三角']
002582,好想你,['参股金融']
002583,海能达,['股权激励' '安防服务' '军工航天' '业绩预升']
002584,西陇科学,['基因概念']
002586,围海股份,['水利建设']
002587,奥拓电子,['股权激励' '体育概念']
002588,史丹利,['生态农业' '黄河三角']
002589,瑞康医药,['黄河三角']
002590,万安科技,['军工航天']
002591,恒大高新,['节能环保' '股权激励' '新三板']
002592,八菱科技,['燃料电池']
002593,日上集团,['海峡西岸']
002594,比亚迪,['锂电池' '业绩预升' '含H股' '特斯拉' '苹果概念']
002595,豪迈科技,['QFII重仓' '信托重仓' '机器人概念' '业绩预升' '特斯拉' '黄河三角']
002596,海南瑞泽,['三沙概念' '股权激励']
002597,金禾实业,['皖江区域']
002598,山东章鼓,['黄河三角']
002600,江粉磁材,['金融改革' '稀土永磁' '业绩预降']
002601,佰利联,['股权激励' '业绩预降']
002602,世纪华通,['网络游戏' '重组概念']
002603,以岭药业,['股权激励' '抗流感' '基因概念']
002604,龙力生物,['重组概念' '生物燃料' '生物质能' '石墨烯' '黄河三角']
002605,姚记扑克,['网络游戏' '重组概念' '博彩概念']
002607,亚夏汽车,['O2O模式' '参股金融' '皖江区域']
002608,*ST舜船,['重组概念' '海工装备' '业绩预升' 'ST板块']
002609,捷顺科技,['股权激励' '安防服务' '电子支付' '智能交通']
002610,爱康科技,['太阳能']
002611,东方精工,['节能环保' '股权激励']
002612,朗姿股份,['QFII重仓' '新三板' '民营银行']
002613,北玻股份,['太阳能' '节能环保']
002614,蒙发利,['业绩预升' '海峡西岸']
002615,哈尔斯,['金融改革' '体育概念' '业绩预升']
002616,长青集团,['固废处理' '节能环保' '循环经济' '生物质能']
002617,露笑科技,['太阳能' '重组概念' '锂电池' '业绩预升' '蓝宝石' '本月解禁']
002618,丹邦科技,['智能穿戴']
002619,巨龙管业,['水利建设']
002620,瑞和股份,['太阳能']
002621,三垒股份,['自贸区' '东亚自贸']
002622,融钰集团,['图们江' '民营银行']
002623,亚玛顿,['太阳能' '业绩预降']
002624,完美世界,['重组概念' '金融改革']
002626,金达威,['维生素' '海峡西岸']
002628,成都路桥,['成渝特区' '业绩预升']
002629,仁智股份,['重组概念' '油气改革' '成渝特区']
002630,华西能源,['送转潜力' '节能环保' '循环经济' '成渝特区' '生物质能' '石墨烯']
002631,德尔未来,['重组概念' '锂电池' '石墨烯']
002632,道明光学,['锂电池' '业绩预降' '充电桩']
002633,申科股份,['摘帽概念']
002634,棒杰股份,['农村金融' '金融改革']
002635,安洁科技,['汽车电子' '特斯拉' '蓝宝石' '苹果概念']
002637,赞宇科技,['食品安全']
002638,勤上光电,['绿色照明']
002639,雪人股份,['燃料电池' '海峡西岸']
002640,跨境通,['民营银行']
002641,永高股份,['太阳能']
002642,荣之联,['基因芯片' '基因概念' '物联网' '云计算' '基因测序']
002643,万润股份,['黄河三角']
002644,佛慈制药,['送转潜力' '陕甘宁']
002645,华宏科技,['固废处理' '节能环保' '重组概念' '循环经济']
002649,博彦科技,['送转潜力' '阿里概念' '业绩预升' '本月解禁']
002650,加加食品,['长株潭']
002651,利君股份,['军工航天' '成渝特区']
002652,扬子新材,['体育概念' '建筑节能']
002653,海思科,['金融改革']
002654,万润科技,['股权激励' '重组概念' '新三板' '绿色照明']
002655,共达电声,['智能穿戴' '重组概念' '黄河三角' '苹果概念']
002656,摩登大道,['O2O模式']
002657,中科金财,['国产软件' '云计算']
002658,雪迪龙,['创投概念' '空气治理' '本月解禁']
002659,中泰桥梁,['业绩预降']
002660,茂硕电源,['太阳能' '股权激励' '绿色照明' '充电桩']
002661,克明面业,['送转潜力' '农村金融' '参股金融' '民营银行' '长株潭']
002663,普邦股份,['固废处理' '装饰园林' '股权激励' '业绩预升' '本月解禁']
002664,信质电机,['送转潜力' 'QFII重仓' '汽车电子' '特斯拉']
002665,首航节能,['节能环保' '海水淡化' '节能' '本月解禁' '核电核能']
002669,康达新材,['太阳能' '军工航天' '风能']
002671,龙泉股份,['送转潜力' '黄河三角']
002672,东江环保,['固废处理' '节能环保' '循环经济' '含H股' '污水处理']
002673,西部证券,['陕甘宁']
002674,兴业科技,['股权激励' '参股金融' '海峡西岸']
002675,东诚药业,['重组概念' '黄河三角']
002679,福建金森,['业绩预降' '风沙治理' '海峡西岸']
002680,长生生物,['生物疫苗' '抗流感' '业绩预降']
002681,奋达科技,['送转潜力' '智能穿戴']
002682,龙洲股份,['重组概念' '海峡西岸']
002683,宏大爆破,['业绩预升']
002684,猛狮科技,['太阳能' '重组概念' '军工航天' '锂电池']
002686,亿利达,['重组概念']
002688,金河生物,['污水处理']
002689,远大智能,['风能']
002690,美亚光电,['3D打印' '抗癌']
002691,冀凯股份,['京津冀']
002695,煌上煌,['送转潜力' '股权激励' '本月解禁']
002696,百洋股份,['水域改革' '业绩预降' '本月解禁']
002697,红旗连锁,['博彩概念' 'O2O模式' '成渝特区' '内贸规划' '本月解禁']
002698,博实股份,['机器人概念' '3D打印' '智能机器' '本月解禁']
002699,美盛文化,['网络游戏' '农村金融' '参股金融' '婴童概念' '本月解禁']
002700,新疆浩源,['送转潜力' '业绩预升' '本月解禁']
002701,奥瑞金,['体育概念' '业绩预升']
002702,海欣食品,['新三板' '海峡西岸']
002703,浙江世宝,['含H股']
002705,新宝股份,['新三板']
002706,良信电器,['充电桩']
002707,众信旅游,['重组概念' '新三板']
002709,天赐材料,['锂电池' '新三板']
002711,欧浦智网,['互联金融' '电商概念']
002714,牧原股份,['猪肉']
002716,金贵银业,['黄金概念']
002717,岭南园林,['装饰园林']
002721,金一文化,['黄金概念' '奢侈品']
002722,金轮股份,['重组概念']
002723,金莱特,['锂电池']
002724,海洋王,['军工航天']
002726,龙大肉食,['猪肉']
002728,特一药业,['重组概念']
002730,电光科技,['3D打印']
002731,萃华珠宝,['黄金概念' '奢侈品']
002733,雄韬股份,['锂电池']
002759,天际股份,['重组概念' '锂电池']
002762,金发拉比,['新三板']
002771,真视通,['重组概念']
002775,文科园林,['装饰园林']
002777,久远银海,['次新股']
002778,高科石化,['次新股']
002780,三夫户外,['体育概念']
002785,万里石,['装饰园林']
002787,华源控股,['次新股']
002788,鹭燕医药,['次新股']
002789,建艺集团,['次新股']
002790,瑞尔特,['次新股']
002791,坚朗五金,['次新股']
002792,通宇通讯,['次新股']
002793,东音股份,['次新股']
002795,永和智控,['次新股']
002796,世嘉科技,['次新股']
002797,第一创业,['次新股']
002798,帝王洁具,['次新股']
002799,环球印务,['次新股']
002800,天顺股份,['次新股']
002801,微光股份,['次新股']
002802,洪汇新材,['次新股']
002803,吉宏股份,['次新股']
002805,丰元股份,['次新股']
002806,华锋股份,['次新股']
002807,江阴银行,['次新股']
002808,苏州恒久,['次新股']
002809,红墙股份,['次新股']
002810,山东赫达,['次新股']
002811,亚泰国际,['次新股']
002812,创新股份,['次新股']
002813,路畅科技,['次新股']
002815,崇达技术,['次新股']
002816,和科达,['次新股' '污水处理']
002817,黄山胶囊,['次新股']
002818,富森美,['次新股']
002819,东方中科,['次新股']
002820,桂发祥,['次新股']
002821,凯莱英,['次新股']
002822,中装建设,['次新股']
002823,凯中精密,['次新股']
002825,纳尔股份,['次新股']
002826,易明医药,['次新股']
002827,高争民爆,['次新股']
002828,贝肯能源,['次新股']
002829,星网宇达,['次新股']
002830,名雕股份,['次新股']
002831,裕同科技,['次新股']
002832,比音勒芬,['次新股']
300001,特锐德,['自贸区' '充电桩' '日韩贸易' '智能电网' '东亚自贸' '铁路基建']
300002,神州泰岳,['网络游戏' '股权激励' '云计算']
300003,乐普医疗,['QFII重仓' '基因概念' '新三板']
300004,南风股份,['股权激励' '3D打印' '风能' '核电核能']
300005,探路者,['QFII重仓' '股权激励' '社保重仓' 'O2O模式' '体育概念' '业绩预升']
300006,莱美药业,['超级细菌' '成渝特区' '抗癌']
300007,汉威电子,['节能环保' '股权激励' '智能交通' '污水处理' '物联网' '空气治理']
300008,天海防务,['股权激励' '军工航天' '海工装备' '业绩预降']
300009,安科生物,['生物疫苗' '股权激励' '重组概念' '抗癌' '基因概念' '皖江区域']
300010,立思辰,['股权激励' '军工航天' '信息安全']
300011,鼎汉技术,['股权激励' '业绩预升' '铁路基建']
300012,华测检测,['节能环保' '股权激励' '食品安全' '基因概念' '空气治理']
300013,新宁物流,['股权激励' '新三板' '卫星导航']
300014,亿纬锂能,['股权激励' '锂电池' '业绩预升' '新三板' '特斯拉' '物联网' '智能电网']
300015,爱尔眼科,['股权激励' '民营医院' '长株潭']
300016,北陆药业,['基因概念' '新三板']
300017,网宿科技,['电商概念' '股权激励' '信息安全' 'IPV6概念' '业绩预升' '云计算' '三网融合']
300018,中元股份,['重组概念' '武汉规划' '卫星导航' '智能电网']
300019,硅宝科技,['成渝特区']
300020,银江股份,['股权激励' '安防服务' '食品安全' '业绩预升' '智能交通' '新三板' '云计算']
300021,大禹节水,['农村金融' '土地流转' '参股金融' '陕甘宁' '节能' '风沙治理' '水利建设']
300022,吉峰农机,['成渝特区' '业绩预降']
300023,宝德股份,['机器人概念' '陕甘宁' '智能机器' '海工装备']
300024,机器人,['机器人概念' '3D打印' '军工航天' '智能机器' '智能交通' '新三板' '铁路基建']
300025,华星创业,['4G概念' '股权激励' '业绩预降' '三网融合']
300026,红日药业,['重组概念' '业绩预升']
300027,华谊兄弟,['文化振兴' '网络游戏' '股权激励' 'O2O模式' '阿里概念' '业绩预升' '新三板' '三网融合']
300028,金亚科技,['股权激励' '博彩概念' '军工航天' '成渝特区' '触摸屏' '业绩预降' '物联网' '智能家居' '三网融合']
300029,天龙光电,['太阳能' '多晶硅' '绿色照明' '蓝宝石']
300030,阳普医疗,['基因概念']
300031,宝通科技,['股权激励']
300032,金龙机电,['QFII重仓' '触摸屏' '汽车电子' '券商重仓']
300033,同花顺,['互联金融' '博彩概念']
300034,钢研高纳,['社保重仓' '军工航天' '京津冀']
300035,中科电气,['碳纤维' '锂电池' '业绩预升' '新三板' '节能' '石墨烯' '长株潭']
300036,超图软件,['国产软件' '卫星导航' '云计算']
300037,新宙邦,['前海概念' '锂电池' '特斯拉']
300038,梅泰诺,['4G概念' '网络游戏' '股权激励' '信息安全']
300039,上海凯宝,['抗流感']
300040,九洲电气,['节能' '充电桩']
300043,星辉娱乐,['网络游戏' '股权激励' '重组概念' '3D打印' '体育概念' '新三板' '婴童概念']
300044,赛为智能,['股权激励' '重组概念' '智能机器' '智能电网' '铁路基建']
300045,华力创通,['股权激励' '军工航天' '卫星导航' '业绩预降' '铁路基建']
300046,台基股份,['军工航天']
300047,天源迪科,['4G概念' '股权激励' 'IPV6概念' '业绩预降']
300048,合康新能,['节能']
300049,福瑞股份,['民营医院' '业绩预降']
300050,世纪鼎利,['4G概念' '新三板' '业绩预降' '物联网']
300051,三五互联,['股权激励' 'IPV6概念' '云计算' '海峡西岸']
300052,中青宝,['文化振兴' '网络游戏' '股权激励' '博彩概念' '业绩预升']
300053,欧比特,['网络游戏' '安防服务' '军工航天' '卫星导航']
300054,鼎龙股份,['信托重仓' '股权激励' '武汉规划']
300055,万邦达,['节能环保' '业绩预升' '污水处理']
300056,三维丝,['节能环保' '业绩预升' '空气治理' '海峡西岸']
300057,万顺股份,['新三板']
300058,蓝色光标,['股权激励' '含可转债' '新三板']
300059,东方财富,['互联金融' '股权激励' '重组概念' '博彩概念' '参股金融']
300061,康耐特,['智能穿戴' '业绩预升']
300062,中能电气,['太阳能' '股权激励' '重组概念' '充电桩' '智能电网' '海峡西岸' '铁路基建']
300063,天龙集团,['业绩预降']
300064,豫金刚石,['股权激励' '石墨烯']
300065,海兰信,['军工航天' '海工装备']
300066,三川智慧,['股权激励' '节能' '物联网']
300067,安诺其,['业绩预升' '污水处理']
300068,南都电源,['4G概念' '股权激励' '锂电池' '燃料电池' '特斯拉' '石墨烯']
300069,金利华电,['业绩预升']
300070,碧水源,['融资融券' '节能环保' '股权激励' '基金重仓' '海水淡化' '新三板' '污水处理']
300071,华谊嘉信,['业绩预升']
300072,三聚环保,['节能环保' '空气治理']
300073,当升科技,['股权激励' '锂电池' '新三板' '准ST股' '石墨烯']
300075,数字政通,['股权激励' '安防服务' '卫星导航']
300076,GQY视讯,['农村金融' '机器人概念' '智能机器']
300077,国民技术,['4G概念' '电子支付' '业绩预降' '物联网']
300078,思创医惠,['安防服务' '新三板' '物联网']
300079,数码视讯,['股权激励' '金融改革' '券商重仓' '宽带提速' '三网融合']
300080,易成新能,['太阳能' '锂电池' '业绩预升']
300081,恒信移动,['4G概念' '重组概念']
300082,奥克股份,['太阳能' '锂电池' '污水处理']
300083,劲胜精密,['股权激励' '触摸屏' '业绩预升']
300084,海默科技,['页岩气' '陕甘宁' '军工航天' '海工装备' '业绩预升' '核电核能']
300085,银之杰,['股权激励' 'O2O模式' '业绩预降']
300086,康芝药业,['股权激励' '业绩预升' '婴童概念']
300087,荃银高科,['生物育种' '生态农业' '皖江区域']
300088,长信科技,['触摸屏' '业绩预升' '券商重仓' '特斯拉' '皖江区域']
300089,文化长城,['网络游戏']
300090,盛运环保,['固废处理' '循环经济' '生物燃料' '生物质能' '皖江区域' '空气治理']
300091,金通灵,['生物质能']
300092,科新机电,['军工航天' '成渝特区' '核电核能']
300093,金刚玻璃,['太阳能' '安防服务' '保障房']
300094,国联水产,['生物育种' '股权激励' '水域改革']
300095,华伍股份,['太阳能' '股权激励' '碳纤维' '军工航天' '新三板' '风能' '铁路基建']
300096,易联众,['电子支付' '新三板' '业绩预降' '物联网' '养老概念' '海峡西岸']
300097,智云股份,['股权激励' '重组概念' '机器人概念' '智能机器' '业绩预升']
300098,高新兴,['股权激励' '安防服务' '重组概念' '智能交通' '新三板']
300099,尤洛卡,['重组概念' '军工航天' '黄河三角']
300101,振芯科技,['安防服务' '军工航天' '成渝特区' '卫星导航']
300102,乾照光电,['太阳能' '节能环保' '绿色照明' '卫星导航' '海峡西岸']
300103,达刚路机,['陕甘宁' '丝绸之路' '业绩预升']
300104,乐视网,['股权激励' '社保重仓' '三网融合' '苹果概念']
300105,龙源技术,['节能环保' '节能' '业绩预降' '空气治理' '黄河三角']
300106,西部牧业,['生物育种' '生态农业' '婴童概念']
300107,建新股份,['股权激励' '京津冀']
300108,双龙股份,['图们江' '石墨烯']
300109,新开源,['基因概念']
300110,华仁药业,['股权激励' '自贸区' '日韩贸易' '东亚自贸' '黄河三角']
300111,向日葵,['太阳能' '机器人概念' '智能机器' '充电桩']
300112,万讯自控,['机器人概念']
300113,顺网科技,['网络游戏' 'IPV6概念']
300114,中航电测,['股权激励' '陕甘宁' '军工航天']
300115,长盈精密,['QFII重仓' '本月解禁' '苹果概念']
300116,坚瑞沃能,['股权激励' '陕甘宁' '锂电池' '本月解禁']
300117,嘉寓股份,['装饰园林' '股权激励' '本月解禁' '建筑节能']
300118,东方日升,['太阳能' '业绩预升' '创投概念' '本月解禁']
300119,瑞普生物,['股权激励' '参股金融' '本月解禁']
300120,经纬电材,['股权激励' '本月解禁']
300121,阳谷华泰,['股权激励' '业绩预升' '本月解禁' '黄河三角']
300122,智飞生物,['生物疫苗' '信托重仓' '股权激励' '成渝特区' '抗癌' '券商重仓' '本月解禁']
300123,太阳鸟,['股权激励' '本月解禁' '奢侈品' '长株潭']
300124,汇川技术,['节能环保' '股权激励' '机器人概念' '业绩预升' '节能' '本月解禁']
300125,易世达,['太阳能' '节能环保']
300126,锐奇股份,['股权激励' '新三板']
300127,银河磁体,['成渝特区' '稀土永磁']
300128,锦富新材,['股权激励' '石墨烯' '苹果概念']
300129,泰胜风能,['风能概念' '风能']
300130,新国都,['电子支付']
300131,英唐智控,['股权激励' '重组概念' 'O2O模式' '智能机器' '物联网' '智能家居']
300132,青松股份,['海峡西岸']
300133,华策影视,['股权激励']
300134,大富科技,['4G概念' '新三板' '特斯拉' '物联网' '石墨烯']
300135,宝利国际,['油气改革']
300136,信维通信,['股权激励' '重组概念' '苹果概念']
300137,先河环保,['节能环保' '京津冀' '空气治理']
300138,晨光生物,['股权激励' '业绩预降']
300140,启源装备,['陕甘宁' '业绩预升']
300141,和顺电气,['太阳能' '股权激励' '充电桩']
300142,沃森生物,['生物疫苗' '股权激励' '新三板' '婴童概念']
300144,宋城演艺,['股权激励' '重组概念']
300145,中金环境,['节能环保' '股权激励' '海水淡化' '污水处理' '水利建设']
300146,汤臣倍健,['股权激励' '基因概念']
300147,香雪制药,['股权激励' '抗流感' '抗癌']
300148,天舟文化,['文化振兴' '网络游戏' '重组概念' '业绩预降' '长株潭']
300150,世纪瑞尔,['安防服务' '铁路基建']
300151,昌红科技,['苹果概念']
300152,科融环境,['节能环保' '股权激励' '循环经济' '生物质能' '污水处理' '节能' '空气治理']
300153,科泰电源,['节能环保' '锂电池' '生物质能' '核电核能']
300154,瑞凌股份,['机器人概念' '智能机器']
300155,安居宝,['股权激励' '安防服务' '物联网' '智能家居']
300156,神雾环保,['节能环保' '股权激励' '重组概念' '节能' '业绩预降' '空气治理']
300157,恒泰艾普,['页岩气' '新三板' '本月解禁']
300158,振东制药,['抗癌']
300159,新研股份,['重组概念' '军工航天']
300160,秀强股份,['太阳能']
300161,华中数控,['高校背景' '机器人概念' '武汉规划' '3D打印' '智能机器' '业绩预降']
300162,雷曼股份,['体育概念' '绿色照明']
300163,先锋新材,['重组概念' '建筑节能']
300164,通源石油,['页岩气' '陕甘宁']
300165,天瑞仪器,['节能环保' '食品安全' '污水处理' '空气治理']
300166,东方国信,['股权激励']
300167,迪威视讯,['业绩预降']
300168,万达信息,['信托重仓' '股权激励' '智能交通' '物联网']
300169,天晟新材,['股权激励' '业绩预降' '建筑节能']
300170,汉得信息,['QFII重仓' '股权激励']
300171,东富龙,['基因概念' '新三板']
300172,中电环保,['固废处理' '节能环保' '海水淡化' '污水处理' '空气治理']
300174,元力股份,['业绩预降' '海峡西岸']
300175,朗源股份,['黄河三角']
300176,鸿特精密,['特斯拉']
300177,中海达,['股权激励' 'O2O模式' '3D打印' '军工航天' '海工装备' '业绩预升' '卫星导航']
300178,腾邦国际,['互联金融' '股权激励' '金融改革' '电子支付']
300180,华峰超纤,['重组概念']
300182,捷成股份,['股权激励']
300183,东软载波,['股权激励' '自贸区' '日韩贸易' '智能家居' '东亚自贸' '黄河三角']
300184,力源信息,['电商概念' '安防服务' '重组概念' '武汉规划' '物联网']
300185,通裕重工,['军工航天' '业绩预降' '黄河三角' '核电核能']
300187,永清环保,['太阳能' '农村金融' '节能环保' '循环经济' '空气治理' '风能' '长株潭']
300188,美亚柏科,['信息安全' '电子支付' '业绩预降' '云计算' '海峡西岸']
300189,神农基因,['生物育种' '生态农业']
300190,维尔利,['固废处理' '节能环保' '股权激励' '循环经济' '新三板' '污水处理']
300191,潜能恒信,['页岩气' '油气改革']
300193,佳士科技,['机器人概念' '智能机器']
300194,福安药业,['重组概念' '成渝特区' '业绩预降']
300195,长荣股份,['股权激励' '机器人概念' '智能机器']
300196,长海股份,['保障房']
300197,铁汉生态,['节能环保' '装饰园林' '股权激励' '风沙治理']
300198,纳川股份,['股权激励' '污水处理' '海峡西岸']
300200,高盟新材,['铁路基建']
300201,海伦哲,['股权激励' '机器人概念' '军工航天' '智能机器' '业绩预降']
300203,聚光科技,['节能环保' '食品安全' '券商重仓' '物联网' '空气治理']
300204,舒泰神,['股权激励']
300205,天喻信息,['高校背景' 'O2O模式' '武汉规划' '业绩预升' '电子支付']
300207,欣旺达,['锂电池' '新三板' '石墨烯']
300208,恒顺众昇,['股权激励' '自贸区' '业绩预降' '物联网' '日韩贸易' '东亚自贸' '稀缺资源' '黄河三角']
300209,天泽信息,['重组概念' '汽车电子' '智能交通' '物联网' '充电桩']
300210,森远股份,['3D打印' '新三板']
300211,亿通科技,['安防服务']
300212,易华录,['智能交通']
300213,佳讯飞鸿,['股权激励' '安防服务' '军工航天' '新三板' '物联网' '铁路基建']
300214,日科化学,['黄河三角']
300215,电科院,['券商重仓']
300216,千山药机,['基因芯片' '股权激励' '基因概念' '基因测序' '长株潭']
300217,东方电热,['海工装备']
300218,安利股份,['股权激励' '皖江区域']
300219,鸿利智汇,['绿色照明']
300220,金运激光,['O2O模式' '机器人概念' '武汉规划' '3D打印']
300221,银禧科技,['3D打印' '业绩预降']
300222,科大智能,['机器人概念' '智能机器' '充电桩']
300223,北京君正,['智能穿戴' '业绩预降']
300224,正海磁材,['稀土永磁' '业绩预降' '黄河三角']
300225,金力泰,['业绩预升']
300226,上海钢联,['上海自贸' '互联金融' '电商概念' '新三板']
300227,光韵达,['重组概念' '3D打印']
300228,富瑞特装,['股权激励' '页岩气' '阿里概念' '业绩预升' '燃料电池']
300229,拓尔思,['股权激励' '军工航天' '信息安全' '业绩预升' '云计算']
300230,永利股份,['特斯拉']
300232,洲明科技,['节能环保' '股权激励' 'O2O模式' '绿色照明']
300233,金城医药,['重组概念' '业绩预升' '石墨烯' '黄河三角']
300236,上海新阳,['智能穿戴' '股权激励']
300237,美晨科技,['装饰园林' '黄河三角']
300239,东宝生物,['业绩预升']
300240,飞力达,['股权激励']
300241,瑞丰光电,['股权激励' '绿色照明']
300243,瑞丰高材,['股权激励' '重组概念' '黄河三角']
300244,迪安诊断,['基因芯片' '股权激励' 'O2O模式' '基因概念' '养老概念' '基因测序']
300245,天玑科技,['股权激励' '阿里概念' '云计算']
300247,乐金健康,['重组概念' '皖江区域' '智能家居' '养老概念']
300248,新开普,['重组概念' '电子支付' '业绩预降' '物联网']
300249,依米康,['节能环保' '成渝特区' '节能' '空气治理']
300250,初灵信息,['4G概念' '重组概念' '宽带提速' '三网融合']
300251,光线传媒,['阿里概念' '业绩预升' '新三板' '三网融合']
300252,金信诺,['股权激励' '军工航天' '新三板']
300253,卫宁健康,['股权激励' '业绩预升' '国产软件']
300254,仟源医药,['基因概念']
300256,星星科技,['触摸屏' '汽车电子']
300257,开山股份,['节能环保' '地热能' '节能']
300259,新天科技,['新三板' '物联网']
300260,新莱应材,['食品安全' '业绩预降']
300262,巴安水务,['节能环保' '股权激励' '业绩预升' '海水淡化' '污水处理']
300263,隆华节能,['送转潜力' '节能环保' '股权激励' '地热能' '业绩预升' '污水处理' '节能']
300264,佳创视讯,['业绩预降' '三网融合']
300265,通光线缆,['军工航天' '本月解禁']
300266,兴源环境,['节能环保' '装饰园林' '污水处理']
300267,尔康制药,['维生素' 'O2O模式' '长株潭']
300268,万福生科,['本月解禁' '长株潭']
300269,联建光电,['绿色照明']
300270,中威电子,['安防服务' '智能交通']
300271,华宇软件,['送转潜力' '股权激励' '食品安全' '国产软件' '新三板']
300272,开能环保,['节能环保' '股权激励']
300273,和佳股份,['重组概念' '抗癌']
300274,阳光电源,['太阳能' '股权激励' '阿里概念' '皖江区域' '充电桩' '风能']
300275,梅安森,['股权激励' '安防服务' '成渝特区' '物联网']
300276,三丰智能,['机器人概念' '智能机器']
300277,海联讯,['业绩预降']
300278,华昌达,['重组概念' '军工航天' '智能机器']
300279,和晶科技,['重组概念' '智能家居']
300280,南通锻压,['重组概念' '智能机器' '业绩预降']
300281,金明精机,['军工航天']
300282,汇冠股份,['触摸屏' '业绩预降']
300284,苏交科,['股权激励']
300285,国瓷材料,['送转潜力' '股权激励' '空气治理' '黄河三角']
300286,安科瑞,['股权激励' '业绩预升']
300287,飞利信,['安防服务' '智能交通']
300288,朗玛信息,['4G概念' '网络游戏']
300289,利德曼,['送转潜力' '生物疫苗' '基因概念' '基因测序']
300290,荣科科技,['国产软件' '云计算']
300291,华录百纳,['体育概念']
300292,吴通控股,['4G概念' '业绩预降']
300293,蓝英装备,['节能环保' '机器人概念' '智能机器']
300294,博雅生物,['送转潜力' '生物疫苗']
300295,三六五网,['送转潜力' '电商概念']
300296,利亚德,['股权激励' '重组概念' '绿色照明']
300297,蓝盾股份,['安防服务' '重组概念' '军工航天' '信息安全' '电子支付' '业绩预降' '云计算']
300298,三诺生物,['股权激励' '社保重仓' '长株潭']
300299,富春通信,['4G概念' '股权激励' '物联网' '海峡西岸']
300300,汉鼎宇佑,['网络游戏' '建筑节能']
300301,长方集团,['股权激励' '新三板' '绿色照明']
300302,同有科技,['军工航天' '信息安全' '国产软件' '本月解禁']
300303,聚飞光电,['业绩预升' '绿色照明']
300304,云意电气,['太阳能' '汽车电子' '风能']
300305,裕兴股份,['业绩预降']
300306,远方光电,['股权激励' '食品安全' '基因概念']
300307,慈星股份,['机器人概念' '智能机器']
300308,中际装备,['黄河三角']
300309,吉艾科技,['重组概念' '页岩气' '券商重仓' '本月解禁']
300310,宜通世纪,['4G概念' '安防服务' '重组概念' '智能家居']
300311,任子行,['网络游戏' '军工航天' '信息安全']
300312,邦讯技术,['4G概念' '网络游戏' '物联网' '智能家居']
300313,天山生物,['生物疫苗']
300314,戴维医疗,['婴童概念']
300315,掌趣科技,['网络游戏' '重组概念' '业绩预升']
300316,晶盛机电,['多晶硅' '业绩预降' '蓝宝石']
300317,珈伟股份,['太阳能' '锂电池' '业绩预升' '绿色照明' '石墨烯']
300318,博晖创新,['婴童概念']
300319,麦捷科技,['重组概念']
300320,海达股份,['铁路基建']
300321,同大股份,['黄河三角']
300322,硕贝德,['重组概念']
300323,华灿光电,['武汉规划' '绿色照明' '业绩预降']
300324,旋极信息,['网络游戏' '重组概念' '军工航天' '信息安全' '业绩预降' '物联网']
300325,德威新材,['参股金融' '军工航天' '燃料电池']
300326,凯利泰,['送转潜力']
300327,中颖电子,['智能穿戴' '机器人概念' '节能']
300328,宜安科技,['智能机器' '特斯拉']
300330,华虹计通,['上海自贸' '股权激励']
300331,苏大维格,['3D打印' '业绩预降']
300332,天壕环境,['节能环保' '业绩预升' '海水淡化' '节能']
300333,兆日科技,['电子支付']
300334,津膜科技,['节能环保' '重组概念' '高校背景' '海水淡化' '污水处理']
300335,迪森股份,['生物燃料' '生物质能']
300336,新文化,['送转潜力']
300337,银邦股份,['3D打印' '军工航天' '海工装备']
300338,开元仪器,['长株潭']
300339,润和软件,['网络游戏' '重组概念' '国产软件']
300340,科恒股份,['重组概念' '锂电池' '绿色照明' '节能' '业绩预降']
300341,麦迪电气,['海峡西岸']
300342,天银机电,['送转潜力' '军工航天' '智能家居']
300343,联创互联,['节能环保' '重组概念' '聚氨酯' '节能' '建筑节能' '黄河三角']
300345,红宇新材,['丝绸之路' '长株潭']
300347,泰格医药,['QFII重仓' '业绩预升']
300348,长亮科技,['业绩预降']
300349,金卡股份,['阿里概念' '参股金融' '物联网']
300350,华鹏飞,['重组概念' '物联网']
300351,永贵电器,['重组概念' '军工航天' '特斯拉' '铁路基建']
300352,北信源,['军工航天' '信息安全' '国产软件' '本月解禁']
300353,东土科技,['股权激励' '重组概念' '军工航天' '本月解禁']
300354,东华测试,['军工航天' '本月解禁']
300355,蒙草生态,['节能环保' '装饰园林' '风沙治理' '本月解禁']
300356,光一科技,['物联网' '智能电网']
300359,全通教育,['电子支付']
300362,天翔环境,['污水处理']
300365,恒华科技,['物联网' '智能电网']
300366,创意信息,['重组概念' '云计算']
300367,东方网力,['安防服务' '重组概念' '铁路基建']
300369,绿盟科技,['信息安全']
300370,安控科技,['重组概念']
300371,汇中股份,['京津冀']
300372,欣泰电气,['节能']
300376,易事特,['太阳能' '充电桩']
300377,赢时胜,['新三板']
300379,东方通,['军工航天' '云计算']
300383,光环新网,['云计算']
300385,雪浪环境,['固废处理' '空气治理']
300387,富邦股份,['生态农业']
300388,国祯环保,['污水处理']
300389,艾比森,['体育概念' '新三板']
300391,康跃科技,['太阳能']
300393,中来股份,['太阳能']
300395,菲利华,['军工航天']
300397,天和防务,['军工航天']
300401,花园生物,['维生素']
300402,宝色股份,['军工航天']
300407,凯发电气,['安防服务' '铁路基建']
300408,三环集团,['燃料电池']
300409,道氏技术,['石墨烯']
300410,正业科技,['重组概念']
300411,金盾股份,['重组概念' '军工航天' '铁路基建' '核电核能']
300414,中光防雷,['军工航天']
300420,五洋科技,['充电桩']
300422,博世科,['污水处理']
300425,环能科技,['污水处理']
300427,红相电力,['军工航天' '铁路基建']
300428,四通新材,['重组概念']
300431,暴风集团,['体育概念']
300432,富临精工,['重组概念' '锂电池']
300433,蓝思科技,['苹果概念']
300434,金石东方,['重组概念']
300436,广生堂,['基因概念']
300437,清水源,['重组概念' '污水处理']
300438,鹏辉能源,['锂电池']
300439,美康生物,['基因概念']
300440,运达科技,['新三板' '铁路基建']
300441,鲍斯股份,['重组概念']
300443,金雷风电,['风能']
300444,双杰电气,['锂电池']
300446,乐凯新材,['铁路基建']
300447,全信股份,['军工航天' '海水淡化']
300448,浩云科技,['安防服务']
300449,汉邦高科,['安防服务']
300450,先导智能,['太阳能' '锂电池']
300455,康拓红外,['铁路基建']
300456,耐威科技,['军工航天' '卫星导航']
300457,赢合科技,['锂电池']
300459,金科娱乐,['重组概念']
300462,华铭智能,['铁路基建']
300467,迅游科技,['创投概念']
300474,景嘉微,['次新股' '军工航天']
300477,合纵科技,['铁路基建']
300480,光力科技,['军工航天']
300484,蓝海华腾,['次新股']
300489,中飞股份,['核电核能']
300490,华自科技,['次新股']
300491,通合科技,['次新股' '充电桩']
300494,盛天网络,['次新股']
300495,美尚生态,['装饰园林']
300496,中科创达,['汽车电子']
300498,温氏股份,['猪肉']
300499,高澜股份,['次新股' '节能' '充电桩']
300500,苏州设计,['次新股']
300501,海顺新材,['次新股']
300502,新易盛,['次新股']
300503,昊志机电,['次新股']
300505,川金诺,['次新股']
300506,名家汇,['次新股']
300507,苏奥传感,['次新股']
300508,维宏股份,['次新股']
300509,新美星,['次新股']
300510,金冠电气,['次新股' '充电桩']
300511,雪榕生物,['次新股']
300512,中亚股份,['次新股']
300513,恒泰实达,['次新股' '智能电网']
300515,三德科技,['次新股']
300516,久之洋,['次新股' '军工航天']
300517,海波重科,['次新股']
300518,盛讯达,['次新股']
300519,新光药业,['次新股']
300520,科大国创,['次新股']
300521,爱司凯,['次新股']
300522,世名科技,['次新股']
300523,辰安科技,['次新股']
300525,博思软件,['次新股']
300526,中潜股份,['次新股']
300527,华舟应急,['次新股' '军工航天']
300528,幸福蓝海,['次新股']
300529,健帆生物,['次新股']
300530,达志科技,['次新股']
300531,优博讯,['次新股']
300532,今天国际,['次新股']
300533,冰川网络,['次新股']
300534,陇神戎发,['次新股']
300535,达威股份,['次新股']
300536,农尚环境,['装饰园林' '次新股']
300537,广信材料,['次新股']
300538,同益股份,['太阳能' '次新股']
300539,横河模具,['次新股']
300540,深冷股份,['次新股']
300541,先进数通,['次新股']
300542,新晨科技,['次新股' '军工航天']
300543,朗科智能,['次新股']
300545,联得装备,['次新股']
300546,雄帝科技,['次新股']
300547,川环科技,['次新股']
300548,博创科技,['次新股']
300549,优德精密,['次新股']
300550,和仁科技,['次新股']
300551,古鳌科技,['次新股']
300552,万集科技,['次新股' '智能交通']
300553,集智股份,['次新股']
300555,路通视信,['次新股' '三网融合']
300556,丝路视觉,['次新股']
300557,理工光科,['次新股']
300558,贝达药业,['次新股']
300559,佳发安泰,['次新股']
300560,中富通,['次新股']
300561,汇金科技,['次新股']
300562,乐心医疗,['次新股']
300563,神宇股份,['次新股']
300565,科信技术,['次新股']
300566,激智科技,['次新股']
300567,精测电子,['次新股']
300568,星源材质,['次新股' '锂电池']
300569,天能重工,['次新股' '风能']
300570,太辰光,['次新股']
300571,平治信息,['次新股']
300572,安车检测,['次新股']
300573,兴齐眼药,['次新股']
300575,中旗股份,['次新股']
300576,容大感光,['次新股']
300577,开润股份,['次新股']
300579,数字认证,['次新股']
300581,晨曦航空,['次新股']
600000,浦发银行,['融资融券' '信托重仓' '基金重仓' '国企改革' '超大盘' '上海本地' '保险重仓']
600004,白云机场,['QFII重仓' '广东自贸' '参股金融' '含可转债' '整体上市' '金融参股']
600005,武钢股份,['融资融券' '央企50' '武汉规划' '业绩预升' '超大盘' '金融参股']
600006,东风汽车,['业绩预降']
600007,中国国贸,['QFII重仓' '外资背景']
600008,首创股份,['固废处理' '节能环保' '海水淡化' '新三板' '污水处理']
600009,上海机场,['融资融券' 'QFII重仓' '信托重仓' '国企改革' '迪士尼' '整体上市' '上海本地' '保险重仓']
600010,包钢股份,['融资融券' '整体上市' '铁路基建' '低碳经济']
600011,华能国际,['融资融券' '基金重仓' '央企50' '整体上市' '含H股' '低碳经济']
600012,皖通高速,['QFII重仓' '金融改革' '含H股' '新三板' '皖江区域' '民营银行']
600015,华夏银行,['融资融券' 'QFII重仓']
600016,民生银行,['融资融券' '基金重仓' '含H股' '保险重仓']
600017,日照港,['海上丝路' '自贸区' '日韩贸易' '东亚自贸']
600018,上港集团,['上海自贸' 'QFII重仓' '整体上市' '上海本地' '金融参股']
600019,宝钢股份,['融资融券' 'QFII重仓' '重组概念' '央企50' '海工装备' '超大盘' '整体上市' '上海本地' '业绩预降']
600020,中原高速,['参股金融' '金融参股']
600021,上海电力,['太阳能' '参股金融' '业绩预升' '上海本地']
600022,山东钢铁,['融资融券' '参股金融' '保障房' '低碳经济']
600023,浙能电力,['核电核能']
600026,中远海能,['含H股']
600027,华电国际,['融资融券' '信托重仓' '新能源' '央企50' '参股金融' '生物质能' '业绩预升' '整体上市' '含H股' '分拆上市']
600028,中国石化,['融资融券' '基金重仓' '央企50' '超大盘' '券商重仓' '含H股' '保险重仓']
600029,南方航空,['融资融券' '社保重仓' '央企50' '参股金融' '含H股' '保险重仓']
600030,中信证券,['融资融券' '基金重仓' '央企50' '股期概念' '超大盘' '券商重仓' '含H股' '保险重仓']
600031,三一重工,['融资融券' 'QFII重仓' '股权激励' '军工航天' '含可转债' '整体上市' '保险重仓' '长株潭']
600033,福建高速,['海峡西岸']
600035,楚天高速,['重组概念' '武汉规划' '物联网']
600036,招商银行,['前海概念' '融资融券' '基金重仓' '央企50' '超大盘' '深圳本地' '含H股' '保险重仓']
600037,歌华有线,['文化振兴' '博彩概念' '阿里概念' '云计算' '三网融合']
600038,中直股份,['融资融券' '军工航天' '券商重仓' '整体上市']
600039,四川路桥,['融资融券' '涉矿概念' '参股金融' '成渝特区']
600048,保利地产,['融资融券' '股权激励' '基金重仓' '社保重仓' '央企50' '券商重仓' '保障房' '保险重仓']
600050,中国联通,['4G概念' '融资融券' '基金重仓' '社保重仓' '央企50' '超大盘' '三网融合' '苹果概念']
600051,宁波联合,['涉矿概念' '股权激励' '业绩预降']
600052,浙江广厦,['参股金融' '金融参股']
600053,九鼎投资,['业绩预升']
600054,黄山旅游,['参股金融' '含B股' '金融参股']
600055,万东医疗,['阿里概念']
600056,中国医药,['参股金融' '金融参股']
600057,象屿股份,['参股金融' '海峡西岸']
600058,五矿发展,['融资融券' '央企50' '阿里概念' '稀土永磁']
600059,古越龙山,['融资融券' 'O2O模式' '参股金融' '金融参股']
600060,海信电器,['融资融券' '股权激励' '基金重仓' '社保重仓' '券商重仓' '日韩贸易']
600061,国投安信,['上海自贸' '上海本地']
600062,华润双鹤,['生物疫苗' '融资融券' 'QFII重仓' '基金重仓' '重组概念' '甲型流感']
600063,皖维高新,['融资融券' '参股金融' '皖江区域' '金融参股']
600064,南京高科,['金融改革' '沿海发展' '参股金融' '抗癌' '创投概念' '新三板' '金融参股']
600066,宇通客车,['融资融券' 'QFII重仓' '股权激励' '基金重仓' '保险重仓' '金融参股']
600067,冠城大通,['前海概念' '融资融券' '信托重仓' '股权激励' '锂电池' '业绩预升' '金融参股' '海峡西岸']
600068,葛洲坝,['融资融券' 'QFII重仓' '央企50' '参股金融' '武汉规划' '整体上市' '金融参股' '水利建设']
600069,银鸽投资,['参股金融' '摘帽概念' '准ST股' '婴童概念']
600070,浙江富润,['重组概念' '金融改革' '参股金融' '金融参股']
600071,凤凰光学,['食品安全' '参股金融' '锂电池']
600072,钢构工程,['重组概念' '军工航天' '海工装备' '券商重仓' '上海本地']
600073,上海梅林,['国企改革' '上海本地' '猪肉']
600074,保千里,['融资融券' '安防服务']
600075,新疆天业,['生态农业' '节能' '水利建设']
600076,康欣新材,['重组概念' '新能源' '锂电池' '黄河三角']
600077,宋都股份,['融资融券' '股权激励']
600078,澄星股份,['融资融券' '出口退税' '重组概念']
600079,人福医药,['融资融券' '农村金融' '股权激励' '基金重仓' '参股金融' '武汉规划' '抗癌' '新三板' '金融参股']
600080,金花股份,['陕甘宁' '3D打印']
600081,东风科技,['业绩预升' '汽车电子' '上海本地']
600082,海泰发展,['互联金融' '超导概念' '创投概念' '天津自贸' '新三板']
600083,博信股份,['涉矿概念']
600084,中葡股份,['股期概念' '金融参股']
600085,同仁堂,['融资融券' '超级细菌' '社保重仓' '甲型流感' '保险重仓' '分拆上市']
600086,东方金钰,['黄金概念' '融资融券' '信托重仓' '奢侈品']
600088,中视传媒,['文化振兴' '业绩预升' '三网融合']
600089,特变电工,['太阳能' '融资融券' '风能概念' '涉矿概念' '新能源' '多晶硅' '券商重仓' '风能' '低碳经济' '核电核能']
600090,同济堂,['涉矿概念' '参股金融']
600091,ST明科,['ST板块']
600093,禾嘉股份,['成渝特区']
600094,大名城,['融资融券' '土地流转' '业绩预升' '含B股']
600095,哈高科,['太阳能' '金融改革' '参股金融' '抗癌' '基因概念' '民营银行' '金融参股']
600096,云天化,['融资融券' '出口退税' '聚氨酯' '锂电池' '券商重仓' '新三板' '分拆上市']
600097,开创国际,['水域改革']
600098,广州发展,['QFII重仓' '固废处理' '循环经济' '新能源' '参股金融' '券商重仓' '金融参股']
600099,林海股份,['出口退税' '重组概念' '沿海发展']
600100,同方股份,"['融资融券' '网络游戏' '安防服务' '高校背景' '军工航天' '地热能' '业绩预升' '创投概念' '海水淡化' '智能交通'
 '绿色照明' '节能' '物联网' '云计算' '石墨烯' '建筑节能' '三网融合' '分拆上市']"
600101,明星电力,['QFII重仓' '涉矿概念' '参股金融' '成渝特区' '业绩预升' '金融参股']
600103,青山纸业,['参股金融' '新三板' '金融参股' '海峡西岸']
600104,上汽集团,['融资融券' 'QFII重仓' '基金重仓' '社保重仓' '国企改革' '整体上市' '上海本地' '保险重仓']
600105,永鼎股份,['4G概念' '超导概念' '民营医院' '创投概念' '云计算']
600106,重庆路桥,['信托重仓' '页岩气' '参股金融' '成渝特区' '金融参股']
600107,美尔雅,['融资融券' '参股金融' '股期概念' '金融参股']
600108,亚盛集团,['融资融券' '土地流转' '股权激励' '社保重仓' '参股金融' '陕甘宁' '金融参股' '稀缺资源']
600109,国金证券,['融资融券' '成渝特区' '股期概念']
600110,诺德股份,['图们江' '参股金融' '锂电池' '特斯拉']
600111,北方稀土,['融资融券' '基金重仓' '新能源' '锂电池' '稀土永磁' '稀缺资源']
600112,天成控股,['互联金融' '风能概念' '涉矿概念' '新能源' '电子支付' '智能电网' '风能' '低碳经济']
600113,浙江东日,['融资融券' '金融改革' '参股金融' '民营银行' '金融参股']
600114,东睦股份,['股权激励' '业绩预升' '特斯拉' '外资背景']
600115,东方航空,['上海自贸' '融资融券' '迪士尼' '整体上市' '含H股' '上海本地']
600116,三峡水利,['融资融券' '固废处理' '循环经济' '参股金融' '成渝特区' '金融参股' '水利建设']
600117,西宁特钢,['参股金融' '保障房']
600118,中国卫星,['融资融券' 'QFII重仓' '央企50' '军工航天' '整体上市' '卫星导航']
600119,长江投资,['金融改革' '新三板' '上海本地' '金融参股']
600120,浙江东方,['融资融券' '金融改革' '参股金融' '金融参股']
600121,郑州煤电,['参股金融' '业绩预降' '金融参股']
600122,宏图高科,['股权激励' 'O2O模式' '参股金融' 'IPV6概念' '新三板' '民营银行' '金融参股']
600123,兰花科创,['融资融券' '信托重仓' '基金重仓' '稀缺资源' '低碳经济']
600125,铁龙物流,['融资融券' '社保重仓' '参股金融' '金融参股']
600126,杭钢股份,['重组概念']
600127,金健米业,['基因概念' '准ST股' '基因测序' '长株潭']
600128,弘业股份,['文化振兴' '参股金融' '创投概念' '股期概念' '金融参股']
600129,太极集团,['参股金融' '成渝特区' '抗癌' '金融参股']
600130,波导股份,['阿里概念']
600131,岷江水电,['新能源' '成渝特区' '多晶硅' '水利建设' '低碳经济']
600132,重庆啤酒,['融资融券' '体育概念' '成渝特区' '外资背景']
600133,东湖高新,['固废处理' '节能环保' '循环经济' '参股金融' '武汉规划' '创投概念' '新三板' '污水处理' '金融参股']
600135,乐凯胶片,['太阳能' '参股金融' '锂电池' '京津冀' '金融参股']
600136,当代明诚,['参股金融' '武汉规划' '体育概念' '金融参股']
600138,中青旅,['QFII重仓' '博彩概念' 'O2O模式' '新三板' '分拆上市']
600139,西部资源,['融资融券' '体育概念' '成渝特区' '锂电池' '整体上市']
600141,兴发集团,['融资融券' '出口退税' '参股金融' '草甘膦' '金融参股' '稀缺资源']
600143,金发科技,['融资融券' '广东自贸' '碳纤维' '金融改革' '生态农业' '券商重仓' '民营银行' '苹果概念']
600145,*ST新亿,['融资融券' '创投概念' 'ST板块' '金融参股']
600146,商赢环球,['融资融券' '碳纤维' '陕甘宁' '丝绸之路']
600148,长春一东,['图们江' '军工航天']
600149,廊坊发展,['融资融券' '保障房' '京津冀' '金融参股']
600150,中国船舶,['融资融券' '央企50' '军工航天' '海工装备' '券商重仓' '上海本地' '业绩预降']
600151,航天机电,['太阳能' '新能源' '参股金融' '军工航天' '多晶硅' '业绩预升' '上海本地' '金融参股' '低碳经济']
600152,维科精华,['新能源' '石墨烯']
600153,建发股份,['融资融券' '参股金融' '保险重仓' '金融参股' '海峡西岸']
600155,宝硕股份,['重组概念' '京津冀']
600156,华升股份,['土地流转' '参股金融' '金融参股' '长株潭']
600157,永泰能源,['融资融券' '页岩气']
600158,中体产业,['赛马概念' '融资融券' '土地流转' '博彩概念' '参股金融' '体育概念' '京津冀']
600159,大龙地产,['京津冀']
600160,巨化股份,['融资融券' '创投概念' '保险重仓' '业绩预降' '低碳经济']
600161,天坛生物,['生物疫苗' 'QFII重仓' '超级细菌' '抗流感' '甲型流感' '业绩预升' '本月解禁']
600162,香江控股,['涉矿概念' '重组概念' '民营银行']
600163,中闽能源,['融资融券' '摘帽概念' '准ST股' '风能' '海峡西岸']
600165,新日恒力,['节能环保' '参股金融' '陕甘宁' '保障房' '金融参股']
600166,福田汽车,['融资融券' '券商重仓' '业绩预降' '本月解禁' '金融参股']
600167,联美控股,['重组概念']
600168,武汉控股,['赛马概念' '重组概念' '武汉规划' '污水处理']
600169,太原重工,['融资融券' '海工装备' '券商重仓' '铁路基建' '分拆上市']
600170,上海建工,['上海自贸' '融资融券' '装饰园林' '参股金融' '国企改革' '迪士尼' '保障房' '上海本地' '金融参股']
600171,上海贝岭,['参股金融' '触摸屏' '券商重仓' '新三板' '上海本地' '物联网' '金融参股']
600172,黄河旋风,['QFII重仓' '页岩气']
600173,卧龙地产,['保障房']
600175,美都能源,['股权激励' '油气改革' '参股金融' '锂电池' '石墨烯' '金融参股']
600176,中国巨石,['出口退税' '社保重仓']
600177,雅戈尔,['互联金融' '融资融券' 'O2O模式' '参股金融' '新三板' '保险重仓' '金融参股']
600178,东安动力,['军工航天']
600179,安通控股,['融资融券' '摘帽概念']
600180,瑞茂通,['电商概念' '股权激励' '黄河三角']
600182,S佳通,['未股改' '出口退税' '外资背景']
600183,生益科技,['信托重仓' '股权激励' '券商重仓' '石墨烯']
600184,光电股份,['太阳能' '新能源' '军工航天' '保障房' '本月解禁']
600185,格力地产,['融资融券' '国企改革' '含可转债' '粤港澳' '新三板']
600186,莲花健康,['融资融券' '准ST股']
600187,国中水务,['污水处理' '空气治理']
600188,兖州煤业,['融资融券' '含H股' '低碳经济']
600189,吉林森工,['土地流转' '图们江' '风沙治理']
600190,锦州港,['自贸区' '含B股' '日韩贸易' '东亚自贸' '振兴沈阳']
600191,华资实业,['参股金融' '生物质能' '金融参股']
600192,长城电工,['风能概念' '新能源' '陕甘宁' '锂电池' '业绩预升' '燃料电池' '智能电网' '氢燃料' '风能']
600193,创兴资源,['融资融券' '业绩预升' '稀土永磁']
600195,中牧股份,['生物疫苗' '赛马概念' '抗流感' '参股金融' '甲型流感' '保险重仓']
600196,复星医药,"['生物疫苗' '融资融券' '社保重仓' '民营医院' '抗癌' '含H股' '上海本地' '保险重仓' '民营银行' '氢燃料' '金融参股'
 '分拆上市']"
600197,伊力特,['融资融券' '参股金融' '金融参股']
600198,大唐电信,['4G概念' '网络游戏' 'IPV6概念' '创投概念' '汽车电子' '电子支付' '宽带提速' '物联网' '云计算' '三网融合']
600199,金种子酒,['融资融券' '基金重仓']
600200,江苏吴中,['重组概念' '参股金融' '抗癌' '金融参股']
600201,生物股份,['生物疫苗' '抗流感' '甲型流感' '创投概念']
600202,哈空调,['准ST股' '低碳经济' '核电核能']
600203,福日电子,['智能穿戴' '绿色照明' '三网融合' '海峡西岸']
600206,有研新材,['新能源' '多晶硅' '稀土永磁']
600207,安彩高科,['太阳能' '触摸屏']
600208,新湖中宝,['融资融券' '涉矿概念' '股权激励' '基金重仓' '金融改革' '参股金融' '保障房' '民营银行' '金融参股']
600209,罗顿发展,['三沙概念' '融资融券' '土地流转' '参股金融']
600210,紫江企业,['锂电池' '创投概念' '上海本地']
600211,西藏药业,['重组概念' '金融改革']
600212,*ST江泉,['节能环保' '锂电池' 'ST板块']
600213,亚星客车,['准ST股']
600215,长春经开,['土地流转' '图们江' '保障房']
600216,浙江医药,['生物疫苗' '融资融券' '超级细菌' '维生素' '抗流感' '抗癌']
600217,中再资环,['陕甘宁' '丝绸之路']
600218,全柴动力,['融资融券' 'QFII重仓' '皖江区域']
600219,南山铝业,['融资融券' 'QFII重仓' '社保重仓']
600220,江苏阳光,['太阳能' '新能源' '沿海发展' '参股金融' '多晶硅' '燃料电池']
600221,海南航空,['融资融券' '含B股' '金融参股']
600222,太龙药业,['抗流感' '参股金融' '业绩预升' '金融参股']
600223,鲁商置业,['融资融券' '业绩预升' '黄河三角']
600225,天津松江,['融资融券' '天津自贸' '京津冀']
600226,升华拜克,['出口退税' '抗流感' '参股金融' '草甘膦' '核电核能']
600227,赤天化,['重组概念' '参股金融' '创投概念']
600228,昌九生化,['金融参股']
600229,城市传媒,['融资融券' '出口退税' '参股金融' '自贸区' '日韩贸易' '金融参股']
600230,*ST沧大,['融资融券' '聚氨酯' '京津冀' 'ST板块']
600231,凌钢股份,['参股金融' '创投概念' '金融参股']
600232,金鹰股份,['锂电池']
600233,圆通速递,['阿里概念' '振兴沈阳']
600234,*ST山水,['ST板块']
600235,民丰特纸,['信托重仓' '创投概念']
600236,桂冠电力,['风能概念' '参股金融' '风能']
600237,铜峰电子,['金融改革' '蓝宝石' '皖江区域' '苹果概念']
600238,海南椰岛,['参股金融' '生物燃料' '生物质能' '业绩预升' '养老概念']
600239,云南城投,['融资融券' 'QFII重仓' '保障房' '养老概念']
600240,华业资本,['融资融券' '土地流转' '涉矿概念' '股权激励' '重组概念' '业绩预升' '京津冀']
600241,时代万恒,['出口退税' '参股金融' '锂电池' '自贸区' '东亚自贸']
600242,中昌数据,['海上丝路' '摘帽概念' '本月解禁']
600243,青海华鼎,['机器人概念']
600246,万通地产,['土地流转' '京津冀']
600247,ST成城,['固废处理' '图们江' '涉矿概念' '页岩气' '循环经济' '参股金融' '资产注入' 'ST板块']
600248,延长化建,['参股金融' '陕甘宁']
600249,两面针,['参股金融' '金融参股']
600250,南纺股份,['创投概念']
600251,冠农股份,['涉矿概念' '社保重仓' 'O2O模式' '稀缺资源']
600252,中恒集团,['生物疫苗' '融资融券' '参股金融' '抗癌' '金融参股']
600255,鑫科材料,['农村金融' '超导概念' '参股金融' '锂电池' '皖江区域' '民营银行']
600256,广汇能源,['融资融券' '基金重仓' '页岩气' '新能源' '油气改革' '保险重仓']
600257,大湖股份,['融资融券' '土地流转' '体育概念' '业绩预升' '创投概念' '水域改革' '长株潭']
600258,首旅酒店,['重组概念' '分拆上市']
600259,广晟有色,['融资融券' '券商重仓' '稀土永磁' '稀缺资源']
600260,凯乐科技,['融资融券' 'QFII重仓' '安防服务' '参股金融' '新三板' '民营银行' '金融参股']
600261,阳光照明,['节能环保' '参股金融' '绿色照明' '低碳经济']
600262,北方股份,['军工航天' '丝绸之路']
600265,*ST景谷,['准ST股' 'ST板块' '风沙治理' '稀缺资源']
600266,北京城建,['融资融券' '基金重仓' '参股金融' '创投概念' '保障房' '京津冀' '金融参股' '分拆上市']
600267,海正药业,['生物疫苗' '融资融券' '超级细菌' '出口退税' '基金重仓' '社保重仓' '抗流感' '抗癌' '保险重仓' '养老概念']
600268,国电南自,['节能环保' '沿海发展' '券商重仓' '节能' '充电桩' '智能电网' '铁路基建']
600269,赣粤高速,['参股金融' '资产注入' '金融参股' '核电核能']
600270,外运发展,['QFII重仓']
600271,航天信息,['融资融券' '食品安全' '军工航天' '资产注入' '信息安全' '电子支付' '含可转债' '保险重仓' '物联网' '三网融合']
600272,开开实业,['含B股' '业绩预降']
600273,嘉化能源,['太阳能' '参股金融' '锂电池' '准ST股' '金融参股']
600275,武昌鱼,['涉矿概念']
600276,恒瑞医药,['融资融券' '股权激励' '基金重仓' '沿海发展' '抗癌' '保险重仓']
600277,亿利洁能,['融资融券' '资产注入' '风沙治理']
600278,东方创业,['上海自贸' '出口退税' '参股金融' '国企改革' '迪士尼' '上海本地' '金融参股']
600279,重庆港九,['成渝特区']
600280,中央商场,['社保重仓' 'O2O模式' '参股金融' '内贸规划' '业绩预升' '新三板']
600281,太化股份,['业绩预降']
600282,南钢股份,['参股金融' '新三板' '低碳经济']
600283,钱江水利,['创投概念' '水利建设']
600284,浦东建设,['上海自贸' '迪士尼']
600285,羚锐制药,['QFII重仓' '股权激励' '参股金融' '业绩预升']
600287,江苏舜天,['参股金融' '体育概念' '业绩预升' '股期概念' '金融参股']
600288,大恒科技,['融资融券' '食品安全' '参股金融' '3D打印' '股期概念' '金融参股' '分拆上市']
600289,亿阳信通,['4G概念' '股权激励' '电子支付' '智能交通' '充电桩' '云计算' '三网融合']
600290,华仪电气,['风能概念' '股权激励' '新能源' '污水处理' '业绩预降' '风能' '低碳经济']
600291,西水股份,['互联金融' '参股金融' '金融参股']
600292,远达环保,['固废处理' '循环经济' '参股金融' '成渝特区' '业绩预升' '空气治理' '金融参股' '低碳经济' '核电核能']
600293,三峡新材,['融资融券' '参股金融']
600295,鄂尔多斯,['太阳能' '多晶硅' '资产注入' '含B股']
600297,广汇汽车,['抗癌' '振兴沈阳']
600298,安琪酵母,['融资融券']
600299,安迪苏,['维生素' '聚氨酯']
600300,维维股份,['融资融券' '参股金融' '创投概念']
600301,*ST南化,['融资融券' 'ST板块']
600302,标准股份,['参股金融' '陕甘宁' '金融参股']
600303,曙光股份,['节能环保' '振兴沈阳']
600305,恒顺醋业,['QFII重仓' '金融改革' '参股金融' '券商重仓' '新三板']
600306,*ST商城,['O2O模式' '参股金融' 'ST板块']
600307,酒钢宏兴,['陕甘宁' '核电核能']
600308,华泰股份,['太阳能' '黄河三角']
600309,万华化学,['融资融券' '基金重仓' '聚氨酯' '创投概念' '保险重仓' '建筑节能' '黄河三角' '低碳经济']
600310,桂东电力,['参股金融' '新三板' '金融参股']
600311,荣华实业,['黄金概念' '融资融券' '陕甘宁' '生物燃料' '生物质能' '摘帽概念']
600312,平高电气,['融资融券' '智能电网']
600313,农发种业,['土地流转']
600315,上海家化,['融资融券' '股权激励' '基金重仓' '社保重仓' '上海本地']
600316,洪都航空,['融资融券' '信托重仓' '参股金融' '军工航天' '券商重仓']
600317,营口港,['东亚自贸' '振兴沈阳']
600318,新力金融,['重组概念' '皖江区域']
600319,*ST亚星,['O2O模式' '准ST股' 'ST板块' '黄河三角']
600320,振华重工,['海工装备' '含B股' '上海本地']
600321,国栋建设,['融资融券' '成渝特区']
600322,天房发展,['保障房' '京津冀']
600323,瀚蓝环境,['QFII重仓' '固废处理' '循环经济' '污水处理']
600325,华发股份,['融资融券' '广东自贸' '社保重仓' '国企改革' '粤港澳' '金融参股']
600326,西藏天路,['涉矿概念' '参股金融' '水利建设' '稀缺资源']
600327,大东方,['金融改革' 'O2O模式' '参股金融' '民营银行' '金融参股']
600328,兰太实业,['新能源' '参股金融' '稀缺资源' '核电核能']
600329,中新药业,['基因芯片' '抗癌' '基因概念' '养老概念']
600330,天通股份,['太阳能' '金融改革' '军工航天' '智能机器' '稀土永磁' '蓝宝石' '分拆上市']
600331,宏达股份,['信托重仓' '参股金融' '成渝特区' '股期概念' '金融参股' '稀缺资源']
600332,白云山,['生物疫苗' '融资融券' '阿里概念' '抗流感' '含H股' '养老概念' '金融参股']
600333,长春燃气,['融资融券' '图们江']
600335,国机汽车,['参股金融' '特斯拉']
600336,澳柯玛,['涉矿概念' '参股金融' '锂电池' '日韩贸易']
600337,美克家居,['出口退税' '股权激励' '券商重仓' '奢侈品']
600339,*ST天利,['重组概念' '油气改革' '聚氨酯' '参股金融' 'ST板块' '金融参股']
600340,华夏幸福,['融资融券' '保障房' '京津冀']
600343,航天动力,['陕甘宁' '军工航天' '节能']
600345,长江通信,['4G概念' '智能穿戴' '股权激励' '武汉规划' '宽带提速' '卫星导航' '业绩预降' '物联网']
600346,恒力股份,['碳纤维' '摘帽概念' '准ST股' '振兴沈阳']
600348,阳泉煤业,['融资融券' '稀缺资源' '低碳经济']
600350,山东高速,['参股金融' '自贸区' '污水处理' '东亚自贸' '金融参股']
600351,亚宝药业,['生物疫苗' '民营银行' '婴童概念']
600352,浙江龙盛,['参股金融' '业绩预升' '券商重仓' '新三板' '分拆上市']
600353,旭光股份,['军工航天' '成渝特区' '新三板']
600354,敦煌种业,['融资融券' '土地流转' '生物育种' '股权激励' '参股金融' '陕甘宁' '丝绸之路' '生态农业']
600355,精伦电子,['武汉规划']
600358,国旅联合,['体育概念' '新三板']
600359,新农开发,['太阳能' '涉矿概念']
600360,华微电子,['图们江' '触摸屏' '业绩预升' '绿色照明' '金融参股' '低碳经济']
600361,华联综超,['赛马概念' 'QFII重仓' '保险重仓']
600362,江西铜业,['融资融券' '资产注入' '稀土永磁' '整体上市' '含H股' '业绩预降' '稀缺资源']
600363,联创光电,['节能环保' '参股金融' '军工航天' '绿色照明']
600366,宁波韵升,['融资融券' '风能概念' '参股金融' '创投概念' '稀土永磁' '节能' '风能' '低碳经济']
600367,红星发展,['出口退税' '锂电池' '稀缺资源']
600368,五洲交通,['涉矿概念' '海上丝路' '业绩预降']
600369,西南证券,['融资融券' '信托重仓' '成渝特区']
600371,万向德农,['生物育种' '生物燃料' '生态农业' '生物质能' '业绩预降']
600372,中航电子,['融资融券' '信托重仓' '军工航天' '券商重仓' '保险重仓']
600373,中文传媒,['三网融合']
600375,*ST星马,['业绩预升' '皖江区域' 'ST板块']
600376,首开股份,['融资融券' '参股金融' '保障房' '京津冀' '保险重仓']
600377,宁沪高速,['QFII重仓' '券商重仓' '含H股']
600378,天科股份,['节能环保' '页岩气' '成渝特区']
600379,宝光股份,['陕甘宁' '保险重仓']
600380,健康元,['参股金融' '业绩预升' '深圳本地' '金融参股']
600381,青海春天,['股权激励' '摘帽概念']
600382,广东明珠,['参股金融' '金融参股']
600383,金地集团,['融资融券' '信托重仓' '基金重仓' '深圳本地' '保障房' '保险重仓']
600385,山东金泰,['黄金概念' '云计算']
600386,北巴传媒,['文化振兴']
600387,海越股份,['页岩气' '油气改革' '创投概念']
600388,龙净环保,['节能环保' '股权激励' '空气治理' '海峡西岸' '低碳经济']
600389,江山股份,['QFII重仓' '出口退税' '沿海发展' '业绩预升' '草甘膦' '金融参股']
600390,*ST金瑞,['重组概念' '参股金融' '资产注入' '锂电池' '燃料电池' '特斯拉' 'ST板块' '长株潭']
600391,成发科技,['军工航天' '成渝特区']
600392,盛和资源,['重组概念' '稀土永磁' '低碳经济']
600393,粤泰股份,['涉矿概念' '资产注入' '整体上市']
600395,盘江股份,['融资融券' '参股金融' '业绩预降' '金融参股']
600396,金山股份,['风能概念' '重组概念' '新能源' '风能' '振兴沈阳' '低碳经济']
600397,安源煤业,['业绩预降']
600398,海澜之家,['赛马概念' '参股金融']
600399,抚顺特钢,['参股金融' '军工航天']
600400,红豆股份,['金融改革' '民营银行']
600401,海润光伏,['摘帽概念' '金融参股']
600405,动力源,['锂电池' '节能' '准ST股' '充电桩' '空气治理']
600406,国电南瑞,['融资融券' '基金重仓' '央企50' '沿海发展' '节能' '充电桩' '智能电网']
600408,安泰集团,['融资融券' '摘帽概念' '准ST股']
600409,三友化工,['出口退税' '央企50' '业绩预升']
600410,华胜天成,['股权激励' '阿里概念' 'IPV6概念' '国产软件' '新三板' '云计算']
600415,小商品城,['互联金融' '电商概念' '融资融券' '金融改革' '社保重仓' '参股金融' '内贸规划' '金融参股']
600416,湘电股份,['风能概念' '超导概念' '新能源' '军工航天' '风能' '铁路基建' '低碳经济' '核电核能' '长株潭']
600418,江淮汽车,['融资融券' 'QFII重仓' '业绩预升' '保险重仓' '特斯拉' '皖江区域']
600419,天润乳业,['婴童概念' '低碳经济']
600420,现代制药,['重组概念' '券商重仓']
600421,仰帆控股,['武汉规划']
600422,昆药集团,['股权激励' '业绩预升']
600423,柳化股份,['QFII重仓' '业绩预降' '低碳经济']
600425,青松建化,['融资融券' '风能概念' '丝绸之路' '券商重仓' '保障房' '业绩预降' '风能']
600426,华鲁恒升,['融资融券' '聚氨酯' '券商重仓' '保险重仓' '黄河三角' '低碳经济']
600428,中远海特,['央企50' '海工装备' '海上丝路' '粤港澳' '整体上市']
600429,三元股份,['重组概念' '业绩预降' '婴童概念']
600432,*ST吉恩,['ST板块' '稀缺资源']
600433,冠豪高新,['融资融券' '博彩概念']
600435,北方导航,['融资融券' '军工航天' '新三板']
600436,片仔癀,['融资融券' '社保重仓' 'O2O模式' '抗癌' '海上丝路' '海峡西岸']
600438,通威股份,['太阳能' '新能源' '成渝特区' '多晶硅' '业绩预升']
600439,瑞贝卡,['参股金融']
600444,国机通用,['摘帽概念' '皖江区域']
600446,金证股份,['互联金融' '电商概念' '股权激励' '阿里概念']
600448,华纺股份,['黄河三角']
600449,宁夏建材,['融资融券' '参股金融' '陕甘宁' '丝绸之路']
600452,涪陵电力,['参股金融' '成渝特区' '金融参股']
600455,博通股份,['陕甘宁']
600456,宝钛股份,['融资融券' 'QFII重仓' '陕甘宁' '3D打印' '军工航天' '资产注入' '海水淡化' '稀缺资源']
600458,时代新材,['融资融券' '碳纤维' '海水淡化' '污水处理' '铁路基建' '长株潭']
600459,贵研铂业,['固废处理' '燃料电池' '空气治理']
600460,士兰微,['触摸屏' '业绩预升' '绿色照明']
600461,洪城水业,['创投概念' '券商重仓' '污水处理']
600462,九有股份,['图们江']
600463,空港股份,['基因芯片' '基因概念' '京津冀']
600466,蓝光发展,['3D打印' '成渝特区']
600467,好当家,['融资融券' '参股金融' '水域改革' '保险重仓' '金融参股']
600468,百利电气,['超导概念' '参股金融' '券商重仓']
600469,风神股份,['出口退税' '参股金融' '金融参股']
600470,六国化工,['融资融券' '信托重仓' '锂电池' '业绩预降' '皖江区域']
600475,华光股份,['固废处理' '节能环保' '循环经济' '沿海发展' '生物燃料' '生物质能' '节能' '金融参股' '低碳经济']
600476,湘邮科技,['阿里概念' '国产软件' '智能交通' '金融参股' '长株潭']
600477,杭萧钢构,['保障房']
600478,科力远,['融资融券' '锂电池' '稀土永磁' '整体上市' '燃料电池' '民营银行' '长株潭']
600479,千金药业,['参股金融' '长株潭']
600480,凌云股份,['军工航天' '京津冀']
600481,双良节能,['地热能' '业绩预升' '海水淡化' '污水处理' '节能']
600482,中国动力,['太阳能' '涉矿概念' '重组概念' '新能源' '军工航天' '锂电池' '京津冀']
600483,福能股份,['融资融券' '参股金融' '风能' '金融参股' '海峡西岸' '核电核能']
600485,信威集团,['4G概念' '军工航天' 'IPV6概念']
600486,扬农化工,['QFII重仓' '出口退税' '沿海发展' '业绩预升' '草甘膦']
600487,亨通光电,['4G概念' '参股金融' '创投概念' '宽带提速' '业绩预降' '金融参股' '三网融合']
600488,天药股份,['重组概念' '参股金融']
600489,中金黄金,['黄金概念' '融资融券' '央企50' '保险重仓']
600490,鹏欣资源,['融资融券' '上海本地']
600491,龙元建设,['融资融券' '金融改革' '业绩预降']
600493,凤竹纺织,['准ST股' '海峡西岸']
600495,晋西车轴,['融资融券' '军工航天' '铁路基建']
600496,精工钢构,['股权激励' '皖江区域']
600497,驰宏锌锗,['融资融券' '资产注入' '稀缺资源']
600498,烽火通信,"['4G概念' '融资融券' 'QFII重仓' '股权激励' '武汉规划' 'IPV6概念' '宽带提速' '保险重仓' '金融参股' '三网融合'
 '铁路基建']"
600499,科达洁能,['信托重仓' '股权激励' '锂电池' '空气治理' '低碳经济']
600500,中化国际,['油气改革' '股期概念' '整体上市' '金融参股']
600501,航天晨光,['军工航天' '卫星导航']
600502,安徽水利,['融资融券' '水利建设']
600503,华丽家族,['融资融券' '参股金融' '石墨烯']
600505,西昌电力,['涉矿概念' '参股金融' '成渝特区' '风能' '金融参股']
600506,香梨股份,['土地流转']
600507,方大特钢,['股权激励' '参股金融' '资产注入' '整体上市' '金融参股']
600508,上海能源,['央企50' '整体上市' '上海本地' '业绩预降']
600509,天富能源,['太阳能' '页岩气' '丝绸之路' '石墨烯' '低碳经济']
600510,黑牡丹,['土地流转' '参股金融' '保障房' '业绩预降' '金融参股']
600511,国药股份,['重组概念' '保险重仓']
600513,联环药业,['生物疫苗' '超级细菌' '抗流感' '甲型流感']
600515,海航基础,['三沙概念' '融资融券' '土地流转' '重组概念' '海上丝路']
600516,方大炭素,['融资融券' '碳纤维' '陕甘宁' '石墨烯' '核电核能']
600517,置信电气,['QFII重仓' '节能环保' '上海本地']
600518,康美药业,['融资融券' '超级细菌' '基金重仓' '民营医院' '金融参股']
600519,贵州茅台,['融资融券' 'QFII重仓' '基金重仓' '保险重仓' '奢侈品']
600520,*ST中发,['皖江区域' 'ST板块']
600521,华海药业,['股权激励' '基金重仓' '社保重仓' '新三板']
600522,中天科技,['4G概念' '超导概念' '沿海发展' '海工装备' '锂电池' '券商重仓' '宽带提速' '云计算' '三网融合']
600523,贵航股份,['军工航天' '整体上市']
600525,长园集团,['信托重仓' '汽车电子' '深圳本地' '物联网' '充电桩' '智能电网' '铁路基建' '分拆上市']
600526,菲达环保,['节能环保' '业绩预升' '污水处理' '空气治理']
600527,江南高纤,['金融改革' '婴童概念']
600528,中铁二局,['融资融券' '央企50' '成渝特区' '资产注入' '铁路基建']
600529,山东药玻,['黄河三角']
600530,交大昂立,['生物疫苗' '高校背景' '参股金融' '上海本地' '金融参股']
600531,豫光金铅,['黄金概念' '固废处理' '出口退税' '循环经济']
600533,栖霞建设,['赛马概念' '金融改革' '沿海发展' '参股金融' '保障房' '新三板']
600535,天士力,['融资融券' '基金重仓' '金融改革' '社保重仓' '抗癌' '保险重仓']
600536,中国软件,['国产软件' '云计算']
600537,亿晶光电,['太阳能' '参股金融']
600538,国发股份,['新能源' '生物质能']
600539,ST狮头,['ST板块']
600540,新赛股份,['风能概念' '准ST股' '风能']
600543,莫高股份,['融资融券' '陕甘宁']
600545,新疆城建,['融资融券' '固废处理' '循环经济' '丝绸之路' '污水处理']
600546,*ST山煤,['融资融券' '社保重仓' '保险重仓' 'ST板块' '民营银行']
600547,山东黄金,['黄金概念' '融资融券' '基金重仓' '社保重仓' '资产注入' '超大盘' '保险重仓']
600548,深高速,['深圳本地' '含H股']
600549,厦门钨业,['融资融券' '出口退税' '锂电池' '稀土永磁' '石墨烯' '海峡西岸' '稀缺资源']
600550,保变电气,['太阳能' 'QFII重仓' '风能概念' '新能源' '央企50' '多晶硅' '风能' '低碳经济' '核电核能']
600551,时代出版,['文化振兴' '参股金融' '新三板' '皖江区域']
600552,凯盛科技,['QFII重仓' '重组概念' '触摸屏']
600555,海航创新,['赛马概念' '土地流转' '含B股' '上海本地']
600557,康缘药业,['融资融券' '基金重仓' '沿海发展' '抗流感' '甲型流感']
600558,大西洋,['参股金融' '成渝特区' '核电核能']
600559,老白干酒,['融资融券' '社保重仓']
600560,金自天正,['机器人概念' '智能机器' '智能电网']
600562,国睿科技,['军工航天' '铁路基建']
600563,法拉电子,['触摸屏' '海峡西岸']
600565,迪马股份,['安防服务' '军工航天' '成渝特区']
600566,济川药业,['农村金融' '节能环保']
600567,山鹰纸业,['业绩预升' '皖江区域']
600568,中珠医疗,['融资融券' '抗癌']
600569,安阳钢铁,['低碳经济']
600570,恒生电子,['前海概念' '互联金融' '电商概念' '股权激励' '基金重仓' '阿里概念' '参股金融']
600571,信雅达,['节能环保' '股权激励' '参股金融' '电子支付' '新三板' '金融参股']
600572,康恩贝,['生物疫苗' '金融改革' '抗癌' '甲型流感' '资产注入' '业绩预升' '分拆上市']
600575,皖江物流,['涉矿概念' '重组概念' '社保重仓' '皖江区域']
600576,万家文化,['涉矿概念']
600577,精达股份,['信托重仓' '重组概念' '资产注入' '新三板' '保险重仓' '物联网' '皖江区域']
600578,京能电力,['风能概念' '新能源' '业绩预升' '风能' '低碳经济']
600579,天华院,['出口退税']
600580,卧龙电气,['新能源' '参股金融' '锂电池' '业绩预升' '券商重仓' '节能' '金融参股' '铁路基建']
600581,*ST八钢,['ST板块']
600582,天地科技,['融资融券' '股权激励' '社保重仓' '资产注入' '新三板']
600583,海油工程,['融资融券' '风能概念' '社保重仓' '油气改革' '央企50' '海工装备' '业绩预升' '券商重仓' '风能']
600584,长电科技,['智能穿戴' '触摸屏' '电子支付' '绿色照明']
600585,海螺水泥,['融资融券' 'QFII重仓' '信托重仓' '出口退税' '基金重仓' '资产注入' '保障房' '含H股' '皖江区域' '低碳经济']
600586,金晶科技,['太阳能' '农村金融' '节能环保' '信托重仓' '资产注入' '建筑节能' '黄河三角' '低碳经济']
600587,新华医疗,['信托重仓' '黄河三角']
600588,用友网络,['融资融券' 'QFII重仓' '股权激励' '国产软件' '新三板' '保险重仓' '云计算']
600589,广东榕泰,['太阳能' '保险重仓' '云计算']
600590,泰豪科技,['新能源' '军工航天' '节能' '云计算' '智能电网' '建筑节能' '低碳经济']
600592,龙溪股份,['机器人概念' '参股金融' '军工航天' '业绩预降' '金融参股' '海峡西岸' '铁路基建']
600593,大连圣亚,['农村金融' '参股金融' '金融参股' '振兴沈阳']
600594,益佰制药,['生物疫苗' 'QFII重仓' '股权激励' '基金重仓' '民营医院' 'O2O模式' '抗癌']
600595,中孚实业,['农村金融' '超导概念' '参股金融' '云计算' '外资背景']
600596,新安股份,['QFII重仓' '涉矿概念' '金融改革' '业绩预升' '创投概念' '草甘膦' '金融参股' '分拆上市']
600597,光明乳业,['股权激励' '社保重仓' '国企改革' '上海本地' '本月解禁']
600598,北大荒,['融资融券' 'QFII重仓' '土地流转' '参股金融' '生物燃料' '生物质能']
600599,熊猫金控,['出口退税' '参股金融' '长株潭']
600600,青岛啤酒,['融资融券' '社保重仓' '含H股' '保险重仓']
600601,方正科技,['高校背景' '上海本地' '云计算']
600602,云赛智联,['食品安全' '军工航天' '含B股' '上海本地' '物联网' '云计算']
600603,*ST兴业,['涉矿概念' '重组概念' '上海本地' 'ST板块']
600604,市北高新,['重组概念' '新三板' '含B股' '上海本地' '金融参股']
600605,汇通能源,['风能概念' '新能源' '上海本地' '风能']
600606,绿地控股,['融资融券' '金融改革' '参股金融' '国企改革' '上海本地' '金融参股']
600608,上海科技,['摘帽概念' '绿色照明' '上海本地']
600609,金杯汽车,['融资融券']
600610,中毅达,['未股改' '装饰园林' '国企改革' '含B股' '上海本地']
600611,大众交通,['上海自贸' '金融改革' '参股金融' '资产注入' '迪士尼' '券商重仓' '整体上市' '含B股' '上海本地' '特斯拉' '金融参股']
600612,老凤祥,['黄金概念' '参股金融' '含B股' '上海本地' '本月解禁' '奢侈品']
600613,神奇制药,['含B股' '上海本地']
600614,鼎立股份,['融资融券' '涉矿概念' '重组概念' '金融改革' '军工航天' '资产注入' '稀土永磁' '含B股' '上海本地']
600615,丰华股份,['上海本地']
600616,金枫酒业,['融资融券' '国企改革' '上海本地']
600617,国新能源,['含B股' '上海本地']
600618,氯碱化工,['出口退税' '聚氨酯' '国企改革' '含B股' '上海本地' '业绩预降']
600619,海立股份,['国企改革' '地热能' '含B股' '上海本地']
600620,天宸股份,['上海本地' '养老概念']
600621,华鑫股份,['参股金融' '国企改革' '上海本地' '金融参股']
600622,嘉宝集团,['上海本地' '金融参股' '核电核能']
600623,华谊集团,['出口退税' '参股金融' '国企改革' '含B股' '上海本地' '金融参股']
600624,复旦复华,['高校背景' '创投概念' '新三板' '上海本地']
600626,申达股份,['土地流转' '上海本地']
600628,新世界,['上海自贸' '国企改革' '迪士尼' '上海本地']
600630,龙头股份,['上海自贸' '国企改革' '创投概念' '迪士尼' '上海本地' '空气治理']
600633,浙报传媒,['文化振兴' '网络游戏' '阿里概念' '业绩预升' '创投概念' '新三板' '上海本地']
600634,中技控股,['重组概念' '军工航天' '上海本地']
600635,大众公用,['参股金融' '创投概念' '含H股' '上海本地' '金融参股' '分拆上市']
600636,三爱富,['融资融券' '出口退税' '重组概念' '国企改革' '燃料电池' '上海本地' '业绩预降' '低碳经济']
600637,东方明珠,['融资融券' '文化振兴' '网络游戏' '国企改革' '上海本地' '保险重仓' '三网融合']
600638,新黄浦,['参股金融' '股期概念' '保障房' '上海本地' '金融参股']
600639,浦东金桥,['上海自贸' '信托重仓' '参股金融' '迪士尼' '含B股' '上海本地' '金融参股']
600640,号百控股,['重组概念' '博彩概念' 'O2O模式' '参股金融' '上海本地']
600641,万业企业,['上海本地' '外资背景']
600642,申能股份,['融资融券' '风能概念' '社保重仓' '新能源' '参股金融' '业绩预升' '上海本地' '风能' '金融参股' '核电核能']
600643,爱建集团,['上海自贸' '信托重仓' '业绩预升' '上海本地']
600644,乐山电力,['太阳能' '融资融券' '新能源' '参股金融' '成渝特区' '多晶硅' '金融参股' '低碳经济']
600645,中源协和,['基因芯片' '生物疫苗' '融资融券' '信托重仓' 'O2O模式' '基因概念' '上海本地' '基因测序']
600647,同达创业,['上海本地']
600648,外高桥,['上海自贸' '参股金融' '迪士尼' '含B股' '上海本地']
600649,城投控股,"['融资融券' '固废处理' '节能环保' '循环经济' '参股金融' '创投概念' '券商重仓' '保障房' '污水处理' '上海本地'
 '金融参股' '低碳经济']"
600650,锦江投资,['上海自贸' '参股金融' '国企改革' '含B股' '上海本地' '金融参股']
600651,飞乐音响,['QFII重仓' '参股金融' '国企改革' '绿色照明' '上海本地' '业绩预降' '金融参股']
600652,游久游戏,['参股金融' '上海本地' '金融参股']
600653,申华控股,['风能概念' '新能源' '参股金融' '上海本地' '风能']
600654,中安消,['安防服务' '重组概念' '国企改革' '汽车电子' '上海本地' '金融参股']
600655,豫园商城,"['黄金概念' '上海自贸' '融资融券' 'QFII重仓' '社保重仓' '参股金融' '国企改革' '业绩预升' '迪士尼' '上海本地'
 '金融参股']"
600657,信达地产,['京津冀']
600658,电子城,['业绩预升' '创投概念' '新三板']
600660,福耀玻璃,['融资融券' 'QFII重仓' '社保重仓' '含H股' '海峡西岸']
600661,新南洋,['太阳能' '高校背景' '新能源' '上海本地']
600662,强生控股,['文化振兴' '土地流转' '国企改革' '资产注入' '迪士尼' '整体上市' '上海本地']
600663,陆家嘴,['上海自贸' '信托重仓' '国企改革' '迪士尼' '保障房' '含B股' '上海本地']
600664,哈药股份,['融资融券' '抗癌']
600665,天地源,['新三板' '上海本地']
600666,奥瑞德,['信托重仓' '重组概念' '成渝特区' '甲型流感']
600667,太极实业,['融资融券' '重组概念' '业绩预降']
600668,尖峰集团,['融资融券' '参股金融']
600673,东阳光科,['太阳能' '抗流感' '资产注入']
600674,川投能源,['太阳能' '融资融券' 'QFII重仓' '新能源' '成渝特区' '业绩预升']
600675,*ST中企,['融资融券' '土地流转' '参股金融' '国企改革' '迪士尼' '上海本地' 'ST板块' '金融参股']
600676,交运股份,['上海自贸' '资产注入' '迪士尼' '整体上市' '上海本地']
600677,航天通信,['重组概念' '军工航天' '资产注入' '金融参股']
600678,四川金顶,['成渝特区']
600679,上海凤凰,['重组概念' '金融改革' '含B股' '上海本地']
600680,上海普天,['电子支付' '含B股' '上海本地' '充电桩']
600681,百川能源,['参股金融' '本月解禁']
600682,南京新百,['重组概念' '参股金融' '新三板' '业绩预降' '金融参股']
600683,京投发展,['土地流转' '创投概念']
600684,珠江实业,['赛马概念' '保障房']
600685,中船防务,['广东自贸' '参股金融' '军工航天' '海工装备' '粤港澳' '含H股']
600686,金龙汽车,['燃料电池' '氢燃料' '海峡西岸']
600687,刚泰控股,['黄金概念' '3D打印' '业绩预升']
600688,上海石化,['未股改' '碳纤维' '油气改革' '含H股' '上海本地']
600689,上海三毛,"['基因芯片' '上海自贸' '参股金融' '国企改革' '基因概念' '创投概念' '含B股' '上海本地' '业绩预降' '养老概念'
 '金融参股']"
600690,青岛海尔,['太阳能' '融资融券' '信托重仓' '股权激励' '基金重仓' '国企改革' '资产注入' '日韩贸易']
600691,阳煤化工,['成渝特区' '摘帽概念' '石墨烯']
600692,亚通股份,['赛马概念' '融资融券' '农村金融' '土地流转' '参股金融' '迪士尼' '上海本地' '民营银行']
600693,东百集团,['内贸规划' '海峡西岸']
600694,大商股份,['融资融券' '基金重仓' '内贸规划' '保险重仓' '振兴沈阳']
600695,绿庭投资,['上海自贸' '参股金融' '含B股' '上海本地' '猪肉' '金融参股']
600696,匹凸匹,['融资融券' '博彩概念']
600697,欧亚集团,['QFII重仓' '图们江' '社保重仓' '内贸规划']
600698,湖南天雁,['军工航天' '含B股']
600699,均胜电子,['图们江' '业绩预升' '汽车电子' '特斯拉']
600701,*ST工新,['重组概念' '高校背景' '机器人概念' '智能机器' 'ST板块']
600702,沱牌舍得,['融资融券' '基金重仓' '成渝特区' '业绩预降']
600703,三安光电,['太阳能' '融资融券' '信托重仓' '基金重仓' '绿色照明']
600704,物产中大,['重组概念' '参股金融' '股期概念' '金融参股']
600705,中航资本,['券商重仓' '新三板']
600706,曲江文旅,['陕甘宁' '丝绸之路']
600707,彩虹股份,['陕甘宁' '准ST股']
600708,光明地产,['上海自贸' '国企改革' '资产注入' '业绩预升' '迪士尼' '上海本地']
600710,*ST常林,['重组概念' 'ST板块']
600711,盛屯矿业,['黄金概念' '融资融券' '海峡西岸']
600712,南宁百货,['信托重仓' '内贸规划' '海上丝路' '业绩预降']
600713,南京医药,['信托重仓' '参股金融' '准ST股']
600714,金瑞矿业,['业绩预升' '稀缺资源']
600715,文投控股,['振兴沈阳']
600716,凤凰股份,['文化振兴' '参股金融' '养老概念']
600717,天津港,['天津自贸' '海上丝路' '整体上市' '京津冀']
600718,东软集团,['阿里概念' '汽车电子' '国产软件' '智能交通' '整体上市' '新三板' '物联网' '云计算' '养老概念' '振兴沈阳' '分拆上市']
600719,大连热电,['整体上市' '振兴沈阳']
600720,祁连山,['融资融券' '陕甘宁' '丝绸之路' '业绩预升' '保障房' '低碳经济']
600721,*ST百花,['重组概念' 'ST板块']
600722,金牛化工,['京津冀']
600723,首商股份,['内贸规划']
600724,宁波富达,['固废处理' '信托重仓' '循环经济' '污水处理']
600725,*ST云维,['参股金融' '资产注入' 'ST板块' '金融参股' '低碳经济']
600726,华电能源,['固废处理' '循环经济' '参股金融' '资产注入' '含B股' '金融参股']
600728,佳都科技,['未股改' '4G概念' '安防服务' '金融改革' 'IPV6概念' '民营银行' '云计算' '铁路基建']
600729,重庆百货,['重组概念' '社保重仓' 'O2O模式' '成渝特区' '内贸规划']
600730,中国高科,['高校背景' '上海本地' '准ST股']
600731,湖南海利,['出口退税' '长株潭']
600732,*ST新梅,['上海自贸' '迪士尼' '上海本地' 'ST板块']
600733,S前锋,['未股改' '成渝特区']
600734,实达集团,['涉矿概念' '安防服务' '重组概念' '物联网' '海峡西岸']
600735,新华锦,['自贸区' '日韩贸易' '婴童概念' '石墨烯' '东亚自贸' '养老概念' '黄河三角']
600736,苏州高新,['沿海发展' '参股金融' '创投概念' '新三板' '金融参股']
600737,中粮屯河,['参股金融']
600738,兰州民百,['重组概念' '参股金融' '陕甘宁' '丝绸之路' '资产注入' '业绩预升']
600739,辽宁成大,['融资融券' '信托重仓' '页岩气' '参股金融' '券商重仓' '新三板' '金融参股' '分拆上市']
600740,山西焦化,['融资融券' '重组概念' '低碳经济']
600741,华域汽车,['融资融券' '基金重仓' '社保重仓' '国企改革' '迪士尼' '汽车电子' '上海本地' '保险重仓' '金融参股']
600742,一汽富维,['融资融券' 'QFII重仓' '图们江' '参股金融']
600743,华远地产,['融资融券' '京津冀']
600744,华银电力,['融资融券' '涉矿概念' '页岩气' '参股金融' '创投概念' '新三板' '准ST股' '风能' '金融参股' '长株潭']
600745,中茵股份,['涉矿概念' '重组概念' '养老概念']
600747,大连控股,['融资融券' '涉矿概念' '参股金融' '创投概念' '金融参股' '振兴沈阳']
600748,上实发展,['融资融券' '土地流转' '国企改革' '上海本地' '养老概念']
600750,江中药业,['融资融券' '参股金融' '婴童概念' '金融参股']
600751,天海投资,['未股改' '天津自贸' '含B股' '京津冀']
600753,东方银星,['准ST股']
600754,锦江股份,['上海自贸' '参股金融' '国企改革' '迪士尼' '含B股' '上海本地' '金融参股']
600755,厦门国贸,['农村金融' '参股金融' '股期概念' '含可转债' '金融参股' '海峡西岸']
600756,浪潮软件,['国产软件' '云计算']
600757,长江传媒,['文化振兴' 'O2O模式' '参股金融' '武汉规划' '新三板' '上海本地']
600759,洲际油气,['三沙概念' '融资融券' '土地流转' '涉矿概念' '重组概念']
600760,*ST黑豹,['重组概念' '军工航天' '准ST股' 'ST板块' '本月解禁']
600761,安徽合力,['皖江区域']
600763,通策医疗,['民营医院' '婴童概念']
600764,中电广通,['军工航天' '电子支付']
600765,中航重机,['3D打印' '军工航天' '业绩预升' '风能' '铁路基建']
600766,园城黄金,['黄金概念' '黄河三角']
600767,运盛医疗,['金融改革']
600768,宁波富邦,['重组概念' '准ST股']
600769,祥龙电业,['武汉规划']
600770,综艺股份,"['太阳能' '4G概念' '融资融券' '网络游戏' '安防服务' '博彩概念' '超导概念' '沿海发展' '参股金融' 'IPV6概念'
 '创投概念' '整体上市' '新三板' '物联网' '云计算' '分拆上市']"
600771,广誉远,['重组概念']
600773,西藏城投,['涉矿概念' '金融改革' '参股金融' '锂电池' '保障房' '金融参股']
600774,汉商集团,['武汉规划']
600775,南京熊猫,['机器人概念' '智能机器' '含H股']
600776,东方通信,['股权激励' '国企改革' '含B股']
600777,新潮能源,['赛马概念' '金融改革' '超导概念' '参股金融' '黄河三角']
600778,友好集团,['参股金融' '丝绸之路' '内贸规划' '业绩预升']
600779,水井坊,['融资融券' 'QFII重仓' '成渝特区' '摘帽概念' '外资背景']
600781,辅仁药业,['重组概念' '创投概念' '上海本地']
600782,新钢股份,['信托重仓' '保障房' '整体上市']
600783,鲁信创投,['参股金融' '业绩预升' '创投概念' '新三板' '黄河三角']
600784,鲁银投资,['金融改革' '黄河三角']
600785,新华百货,['参股金融' '陕甘宁' '丝绸之路' '内贸规划' '金融参股']
600787,中储股份,['融资融券' '金融改革' '参股金融' '资产注入' '券商重仓' '整体上市' '京津冀' '物联网' '金融参股' '铁路基建']
600789,鲁抗医药,['生物疫苗' '抗流感' '黄河三角']
600790,轻纺城,['参股金融' '业绩预升' '分拆上市']
600791,京能置业,['资产注入']
600792,云煤能源,['节能环保' '出口退税' '涉矿概念' '低碳经济']
600793,宜宾纸业,['成渝特区' '摘帽概念']
600794,保税科技,['信托重仓' '参股金融']
600795,国电电力,['融资融券' '风能概念' '基金重仓' '社保重仓' '新能源' '央企50' '业绩预升' '整体上市' '风能' '振兴沈阳' '分拆上市']
600796,钱江生化,['生物疫苗' '太阳能']
600797,浙大网新,['网络游戏' '高校背景' '阿里概念' 'IPV6概念' '电子支付' '国产软件' '云计算' '分拆上市']
600798,宁波海运,['海上丝路' '自贸区' '东亚自贸']
600800,天津磁卡,['融资融券' '参股金融' '电子支付']
600801,华新水泥,['融资融券' 'QFII重仓' '出口退税' '股权激励' '业绩预升' '保障房' '含B股' '外资背景']
600802,福建水泥,['参股金融' '金融参股' '海峡西岸']
600803,新奥股份,['生物燃料' '生态农业' '生物质能']
600804,鹏博士,['融资融券' '网络游戏' '股权激励' '安防服务' '成渝特区' '业绩预升' '云计算' '三网融合']
600805,悦达投资,['融资融券' '沿海发展' '参股金融' '特斯拉' '石墨烯']
600806,*ST昆机,['机器人概念' '3D打印' '含H股' '节能' 'ST板块']
600807,天业股份,['黄金概念' '融资融券' '涉矿概念' '资产注入']
600808,马钢股份,['含H股' '皖江区域' '铁路基建']
600809,山西汾酒,['融资融券' '基金重仓']
600810,神马股份,['聚氨酯' '新三板']
600811,东方集团,['文化振兴' '涉矿概念' '参股金融' '资产注入' '整体上市' '金融参股']
600812,华北制药,['超级细菌' '维生素' '抗癌' '金融参股' '分拆上市']
600814,杭州解百,['体育概念' '内贸规划']
600815,厦工股份,['融资融券' '金融参股' '海峡西岸']
600816,安信信托,['融资融券']
600817,*ST宏盛,['重组概念' '上海本地' 'ST板块']
600818,中路股份,['上海自贸' '参股金融' '迪士尼' '含B股' '风能']
600819,耀皮玻璃,['出口退税' '保障房' '含B股' '上海本地' '建筑节能' '外资背景']
600820,隧道股份,['融资融券' '国企改革' '资产注入' '创投概念' '上海本地' '铁路基建']
600821,津劝业,['天津自贸']
600822,上海物贸,['上海自贸' '油气改革' '国企改革' '含B股' '上海本地']
600823,世茂股份,['融资融券' 'QFII重仓' '股权激励' '博彩概念' '参股金融' '上海本地' '金融参股']
600824,益民集团,['黄金概念' '创投概念' '上海本地']
600825,新华传媒,['融资融券' '文化振兴' '国企改革' '上海本地']
600826,兰生股份,['QFII重仓' '参股金融' '国企改革' '体育概念' '抗癌' '上海本地' '金融参股' '分拆上市']
600827,百联股份,['融资融券' '信托重仓' 'O2O模式' '参股金融' '国企改革' '内贸规划' '迪士尼' '含B股' '上海本地' '保险重仓']
600828,茂业商业,['参股金融' '成渝特区']
600829,人民同泰,['民营医院']
600830,香溢融通,['金融改革']
600831,广电网络,['文化振兴' '陕甘宁' '资产注入' '创投概念' '三网融合']
600833,第一医药,['国企改革' '上海本地']
600834,申通地铁,['国企改革' '迪士尼' '上海本地']
600835,上海机电,['固废处理' '机器人概念' '国企改革' '智能机器' '生物质能' '含B股' '上海本地']
600836,界龙实业,['上海自贸' '资产注入' '迪士尼' '上海本地']
600837,海通证券,['融资融券' '基金重仓' '含H股' '上海本地']
600838,上海九百,['参股金融' '上海本地' '金融参股']
600839,四川长虹,['融资融券' '循环经济' '参股金融' '成渝特区' '业绩预升' '新三板']
600841,上柴股份,['国企改革' '含B股' '上海本地']
600843,上工申贝,['含B股' '上海本地']
600844,丹化科技,['融资融券' '券商重仓' '含B股' '上海本地']
600845,宝信软件,['电商概念' '国产软件' '智能交通' '含B股' '物联网' '云计算']
600846,同济科技,['节能环保' '高校背景' '燃料电池' '污水处理' '上海本地' '氢燃料']
600847,万里股份,['成渝特区']
600848,上海临港,['重组概念' '国企改革' '含B股' '上海本地' '低碳经济' '核电核能']
600850,华东电脑,['军工航天' '整体上市' '上海本地' '云计算']
600851,海欣股份,['生物疫苗' '金融改革' '参股金融' '抗癌' '含B股' '上海本地' '金融参股']
600854,春兰股份,['锂电池']
600855,航天长峰,['节能环保' '安防服务' '参股金融' '军工航天' '资产注入' '整体上市' '物联网']
600856,中天能源,['图们江']
600857,宁波中百,['高校背景' '参股金融' '金融参股']
600858,银座股份,['内贸规划' '保险重仓']
600859,王府井,['QFII重仓' '信托重仓' '重组概念' 'O2O模式' '内贸规划' '券商重仓']
600860,京城股份,['含H股']
600862,中航高科,['沿海发展' '机器人概念' '军工航天' '创投概念' '保障房']
600863,内蒙华电,['信托重仓' '参股金融' '券商重仓' '风能' '低碳经济']
600864,哈投股份,['风能概念' '固废处理' '农村金融' '节能环保' '重组概念' '循环经济' '参股金融' '风能']
600865,百大集团,['参股金融' '金融参股']
600866,*ST星湖,['ST板块' '金融参股']
600867,通化东宝,['业绩预升' '分拆上市']
600868,梅雁吉祥,['融资融券' '涉矿概念' '新三板']
600869,智慧能源,['电商概念' '农村金融' '碳纤维' '参股金融' '锂电池' '新三板' '特斯拉' '本月解禁']
600870,厦华电子,['摘帽概念']
600871,石化油服,['未股改' '油气改革' '含H股']
600872,中炬高新,['农村金融' '节能环保' '金融改革' '参股金融' '锂电池' '燃料电池' '新三板' '氢燃料']
600873,梅花生物,['参股金融']
600874,创业环保,['节能环保' '含H股' '污水处理']
600875,东方电气,"['融资融券' '风能概念' '新能源' '央企50' '成渝特区' '整体上市' '含H股' '燃料电池' '保险重仓' '风能' '低碳经济'
 '核电核能']"
600876,洛阳玻璃,['参股金融' '保障房' '含H股']
600877,中国嘉陵,['军工航天' '成渝特区' '金融参股']
600879,航天电子,['央企50' '武汉规划' '军工航天' '券商重仓' '整体上市' '卫星导航' '物联网']
600880,博瑞传播,['融资融券' '文化振兴' '网络游戏' '重组概念' '成渝特区' '创投概念' '苹果概念' '分拆上市']
600881,亚泰集团,['融资融券' '图们江' '参股金融' '体育概念' '抗癌' '保障房' '金融参股']
600882,广泽股份,['重组概念' '参股金融' '民营银行' '黄河三角']
600884,杉杉股份,['新能源' '参股金融' '锂电池' '创投概念' '新三板' '特斯拉' '民营银行' '金融参股' '稀缺资源' '分拆上市' '低碳经济']
600885,宏发股份,['新能源' '武汉规划' '智能电网']
600886,国投电力,['融资融券' '基金重仓' '社保重仓' '陕甘宁' '资产注入' '业绩预升']
600887,伊利股份,['融资融券' 'QFII重仓' '基金重仓' '社保重仓' '保险重仓']
600888,新疆众和,['参股金融' '金融参股']
600889,南京化纤,['新三板']
600890,中房股份,['重组概念']
600891,秋林集团,['黄金概念' '未股改']
600892,大晟文化,['参股金融']
600893,中航动力,['太阳能' '融资融券' '新能源' '陕甘宁' '军工航天' '券商重仓']
600894,广日股份,['业绩预升' '券商重仓' '保障房' '粤港澳' '新三板' '绿色照明']
600895,张江高科,['上海自贸' '创投概念' '迪士尼' '整体上市' '新三板' '上海本地' '分拆上市']
600896,览海投资,['三沙概念' '重组概念' '参股金融' '资产注入' '创投概念' '金融参股']
600897,厦门空港,['QFII重仓' '海峡西岸']
600898,三联商社,['黄河三角']
600900,长江电力,['融资融券' '重组概念' '创投概念' '超大盘' '整体上市' '保险重仓' '金融参股' '分拆上市']
600908,无锡银行,['次新股']
600909,华安证券,['次新股']
600919,江苏银行,['次新股']
600926,杭州银行,['次新股']
600936,广西广电,['次新股']
600958,东方证券,['含H股']
600960,渤海活塞,['黄河三角']
600961,株冶集团,['出口退税' '资产注入' '长株潭']
600962,国投中鲁,['摘帽概念']
600963,岳阳林纸,['装饰园林' '资产注入' '风沙治理' '长株潭']
600966,博汇纸业,['黄河三角']
600967,北方创业,['军工航天' '丝绸之路' '业绩预升' '铁路基建']
600969,郴电国际,['污水处理' '长株潭']
600970,中材国际,['融资融券' '社保重仓' '沿海发展' '低碳经济']
600971,恒源煤电,['融资融券' '信托重仓' '券商重仓' '业绩预降']
600973,宝胜股份,['信托重仓' '股权激励' '超导概念' '沿海发展' '券商重仓' '物联网' '智能电网' '铁路基建' '核电核能']
600975,新五丰,['猪肉' '长株潭']
600976,健民集团,['股权激励' '武汉规划' '婴童概念']
600977,中国电影,['次新股']
600978,宜华生活,['QFII重仓' '出口退税' '股权激励' 'O2O模式' '券商重仓']
600979,广安爱众,['成渝特区']
600980,北矿科技,['稀土永磁' '整体上市' '准ST股']
600981,汇鸿集团,['参股金融' '创投概念' '新三板' '金融参股']
600982,宁波热电,['信托重仓' '重组概念' '业绩预降']
600983,惠而浦,['皖江区域']
600984,建设机械,['重组概念' '陕甘宁' '丝绸之路' '摘帽概念']
600985,雷鸣科化,['皖江区域']
600986,科达股份,['重组概念' '黄河三角']
600987,航民股份,['融资融券' '涉矿概念' '页岩气']
600988,赤峰黄金,['黄金概念' '重组概念' '业绩预升']
600990,四创电子,['重组概念' '军工航天' '整体上市' '卫星导航' '物联网' '皖江区域']
600993,马应龙,['生物疫苗' 'QFII重仓' '社保重仓' '民营医院' '武汉规划' '抗癌' '基因概念' '基因测序']
600995,文山电力,['重组概念']
600996,贵广网络,['次新股']
600997,开滦股份,['业绩预降']
600998,九州通,['民营医院' 'O2O模式' '武汉规划' '含可转债' '民营银行']
600999,招商证券,['前海概念' '融资融券' '央企50' '含H股']
601000,唐山港,['自贸区' '京津冀' '日韩贸易' '东亚自贸']
601001,大同煤业,['融资融券' '重组概念' '稀缺资源']
601002,晋亿实业,['融资融券' '出口退税' '新三板' '铁路基建']
601005,重庆钢铁,['融资融券' '成渝特区' '含H股' '准ST股' '低碳经济']
601006,大秦铁路,['融资融券' 'QFII重仓' '基金重仓' '社保重仓' '超大盘' '券商重仓' '保险重仓']
601007,金陵饭店,['参股金融' '养老概念']
601008,连云港,['沿海发展' '海上丝路' '自贸区' '日韩贸易' '东亚自贸']
601009,南京银行,['融资融券' 'QFII重仓' '信托重仓' '沿海发展' '保险重仓']
601010,文峰股份,['O2O模式' '参股金融' '内贸规划']
601011,宝泰隆,['业绩预降' '石墨烯']
601012,隆基股份,['太阳能' '陕甘宁' '多晶硅' '锂电池' '业绩预升' '特斯拉']
601016,节能风电,['风能']
601018,宁波港,['信托重仓' '海上丝路' '本月解禁' '金融参股']
601020,华钰矿业,['次新股']
601028,玉龙股份,['股权激励' '油气改革']
601038,一拖股份,['融资融券' '参股金融' '含H股']
601058,赛轮金宇,['业绩预升' '黄河三角']
601069,西部黄金,['黄金概念']
601088,中国神华,['融资融券' '基金重仓' '央企50' '超大盘' '含H股' '保险重仓']
601098,中南传媒,['文化振兴' '社保重仓' '保险重仓' '长株潭']
601099,太平洋,['融资融券']
601101,昊华能源,['融资融券' '稀缺资源']
601106,中国一重,['券商重仓' '核电核能']
601107,四川成渝,['参股金融' '成渝特区' '含H股' '金融参股']
601111,中国国航,['融资融券' '央企50' '含H股' '保险重仓']
601113,华鼎股份,['污水处理']
601116,三江购物,['阿里概念']
601117,中国化学,['融资融券' '基金重仓']
601118,海南橡胶,['三沙概念' '融资融券' '土地流转' '军工航天']
601126,四方股份,['股权激励' '社保重仓']
601127,小康股份,['次新股']
601128,常熟银行,['次新股']
601137,博威合金,['重组概念']
601139,深圳燃气,['融资融券' '信托重仓' '股权激励']
601158,重庆水务,['成渝特区' '污水处理' '金融参股']
601163,三角轮胎,['次新股']
601166,兴业银行,['融资融券' '基金重仓']
601168,西部矿业,['融资融券' '锂电池' '稀缺资源']
601169,北京银行,['融资融券' 'QFII重仓' '信托重仓' '保险重仓']
601179,中国西电,['央企50' '陕甘宁' '券商重仓' '准ST股' '核电核能']
601186,中国铁建,['融资融券' 'QFII重仓' '社保重仓' '央企50' '券商重仓' '含H股' '铁路基建']
601188,龙江交通,['参股金融' '金融参股']
601199,江南水务,['农村金融' '含可转债']
601208,东材科技,['太阳能' '股权激励' '碳纤维' '军工航天' '成渝特区']
601216,君正集团,['互联金融' '博彩概念' '阿里概念' '参股金融']
601218,吉鑫科技,['风能概念' '风能']
601222,林洋能源,['太阳能']
601229,上海银行,['次新股']
601231,环旭电子,['智能穿戴' '苹果概念']
601238,广汽集团,['含可转债' '含H股' '新三板']
601288,农业银行,['融资融券' '信托重仓' '基金重仓' '超大盘' '含H股' '保险重仓']
601311,骆驼股份,['融资融券' '股权激励' '锂电池']
601313,江南嘉捷,['股权激励' '3D打印']
601318,中国平安,['融资融券' '基金重仓' '超大盘' '含H股']
601328,交通银行,['融资融券' '基金重仓' '央企50' '含H股']
601333,广深铁路,['融资融券' '创投概念' '含H股']
601336,新华保险,['融资融券' '社保重仓' '券商重仓' '含H股']
601339,百隆东方,['参股金融' '业绩预升' '民营银行' '本月解禁']
601368,绿城水务,['污水处理']
601369,陕鼓动力,['智能机器' '核电核能']
601377,兴业证券,['融资融券' '海峡西岸']
601388,怡球资源,['融资融券' '节能环保' '重组概念' '循环经济']
601390,中国中铁,['融资融券' 'QFII重仓' '央企50' '含H股' '铁路基建']
601398,工商银行,['融资融券' '基金重仓' '央企50' '超大盘' '含H股' '保险重仓']
601500,通用股份,['次新股']
601515,东风股份,['金融改革']
601518,吉林高速,['图们江']
601519,大智慧,['互联金融' '博彩概念']
601555,东吴证券,['融资融券' '信托重仓' '创投概念']
601558,华锐风电,['风能概念' '风能']
601566,九牧王,['股权激励' '海峡西岸']
601567,三星医疗,['金融改革' '民营银行' '智能家居']
601588,北辰实业,['含H股']
601595,上海电影,['次新股']
601599,鹿港文化,['创投概念']
601600,中国铝业,['融资融券' '央企50' '超大盘' '稀土永磁' '含H股']
601601,中国太保,['融资融券' '基金重仓' '央企50' '含H股']
601607,上海医药,['融资融券' '抗流感' '国企改革' '抗癌' '含H股' '保险重仓']
601608,中信重工,['融资融券' '节能环保' '地热能' '券商重仓' '节能']
601611,中国核建,['次新股' '军工航天' '核电核能']
601616,广电电气,['股权激励']
601618,中国中冶,['融资融券' '社保重仓' '央企50' '保障房' '含H股' '保险重仓']
601628,中国人寿,['融资融券' '基金重仓' '社保重仓' '央企50' '业绩预升' '含H股' '保险重仓']
601633,长城汽车,['融资融券' '基金重仓' '业绩预升' '含H股' '京津冀']
601636,旗滨集团,['太阳能' '股权激励' '长株潭']
601666,平煤股份,['融资融券' '社保重仓' '稀缺资源' '低碳经济']
601668,中国建筑,['融资融券' '基金重仓' '社保重仓' '超大盘' '保障房' '保险重仓']
601669,中国电建,['太阳能' '融资融券' '重组概念' '社保重仓' '资产注入' '券商重仓' '保险重仓' '水利建设']
601677,明泰铝业,['铁路基建']
601678,滨化股份,['金融改革' '聚氨酯' '黄河三角']
601688,华泰证券,['融资融券' '信托重仓' '含H股']
601689,拓普集团,['汽车电子' '特斯拉']
601699,潞安环能,['融资融券' '基金重仓' '社保重仓']
601700,风范股份,['农村金融' '股权激励' '参股金融']
601717,郑煤机,['融资融券' '含H股']
601718,际华集团,['参股金融' '军工航天' '体育概念']
601727,上海电气,['风能概念' '新能源' '国企改革' '军工航天' '含可转债' '含H股' '风能' '低碳经济' '核电核能']
601766,中国中车,['融资融券' 'QFII重仓' '股权激励' '央企50' '含H股' '保险重仓' '铁路基建']
601777,力帆股份,['股权激励' '参股金融' '成渝特区' '民营银行']
601788,光大证券,['融资融券' '央企50' '含H股' '保险重仓']
601789,宁波建工,['融资融券' '业绩预升' '云计算']
601798,蓝科高新,['页岩气' '陕甘宁']
601799,星宇股份,['股权激励' '汽车电子' '物联网']
601800,中国交建,['融资融券' 'QFII重仓' '券商重仓' '含H股' '铁路基建']
601801,皖新传媒,['融资融券' '文化振兴' 'O2O模式' '皖江区域']
601808,中海油服,['融资融券' '信托重仓' '油气改革' '央企50' '海工装备' '含H股' '保险重仓' '本月解禁']
601811,新华文轩,['次新股' '含H股']
601818,光大银行,['融资融券' '含H股' '保险重仓']
601857,中国石油,['融资融券' '基金重仓' '央企50' '超大盘' '含H股' '保险重仓']
601866,中远海发,['融资融券' '央企50' '阿里概念' '海上丝路' '含H股' '准ST股']
601872,招商轮船,['社保重仓']
601877,正泰电器,['太阳能' '股权激励' '重组概念' '石墨烯' '核电核能']
601880,大连港,['信托重仓' '海上丝路' '含H股' '东亚自贸']
601882,海天精工,['次新股']
601886,江河集团,['太阳能' '民营银行']
601888,中国国旅,['融资融券' '社保重仓' '保险重仓' '奢侈品']
601890,亚星锚链,['农村金融' '参股金融' '海工装备']
601898,中煤能源,['融资融券' '央企50' '超大盘' '含H股' '低碳经济']
601899,紫金矿业,['黄金概念' '融资融券' '页岩气' '超大盘' '含H股' '业绩预降']
601900,南方传媒,['次新股']
601901,方正证券,['融资融券' '高校背景' '新三板' '长株潭']
601908,京运通,['太阳能' '股权激励' '业绩预降' '空气治理']
601918,*ST新集,['融资融券' '信托重仓' '社保重仓' '参股金融' '业绩预降' 'ST板块']
601919,中远海控,['融资融券' '央企50' '超大盘' '券商重仓' '含H股' '准ST股']
601928,凤凰传媒,['融资融券' '网络游戏' '券商重仓' '保险重仓' '云计算']
601929,吉视传媒,['融资融券' '图们江']
601933,永辉超市,['信托重仓' '食品安全' 'O2O模式' '内贸规划' '业绩预升' '海峡西岸']
601939,建设银行,['融资融券' '央企50' '含H股' '保险重仓']
601958,金钼股份,['融资融券' '社保重仓' '陕甘宁' '业绩预降' '稀缺资源' '低碳经济']
601965,中国汽研,['成渝特区']
601966,玲珑轮胎,['次新股']
601985,中国核电,['核电核能']
601988,中国银行,['融资融券' '央企50' '含H股' '保险重仓']
601989,中国重工,['融资融券' '央企50' '军工航天' '海工装备' '券商重仓' '智能交通' '保险重仓']
601991,大唐发电,['融资融券' '央企50' '业绩预升' '含H股' '分拆上市' '低碳经济' '核电核能']
601992,金隅股份,['融资融券' '固废处理' '信托重仓' '保障房' '含H股' '京津冀']
601996,丰林集团,['融资融券' '土地流转' '风沙治理']
601997,贵阳银行,['次新股']
601998,中信银行,['融资融券' '央企50' '含H股']
601999,出版传媒,['文化振兴' '农村金融' '参股金融' '金融参股' '三网融合']
603000,人民网,['融资融券' '博彩概念']
603001,奥康国际,['O2O模式']
603002,宏昌电子,['3D打印']
603003,龙宇燃油,['上海自贸' '油气改革']
603006,联明股份,['重组概念']
603007,花王股份,['装饰园林' '次新股']
603008,喜临门,['重组概念' 'O2O模式']
603016,新宏泰,['次新股']
603019,中科曙光,['军工航天' '云计算']
603026,石大胜华,['锂电池' '特斯拉']
603027,千禾味业,['次新股']
603028,赛福天,['次新股']
603029,天鹅股份,['次新股']
603031,安德利,['次新股']
603033,三维股份,['次新股']
603036,如通股份,['次新股']
603058,永吉股份,['次新股']
603060,国检集团,['次新股']
603067,振华股份,['次新股']
603069,海汽集团,['次新股']
603077,和邦生物,['碳纤维' '参股金融' '成渝特区' '锂电池' '业绩预降' '草甘膦']
603090,宏盛股份,['次新股']
603098,森特股份,['次新股']
603100,川仪股份,['铁路基建' '核电核能']
603101,汇嘉时代,['次新股']
603111,康尼机电,['铁路基建']
603116,红蜻蜓,['新三板']
603118,共进股份,['基因概念']
603126,中材节能,['节能']
603128,华贸物流,['上海自贸' '股权激励' '重组概念']
603131,上海沪工,['次新股']
603159,上海亚虹,['次新股']
603160,汇顶科技,['次新股']
603167,渤海轮渡,['自贸区' '东亚自贸' '本月解禁' '黄河三角']
603169,兰石重装,['核电核能']
603189,网达软件,['次新股']
603203,快克股份,['次新股']
603258,电魂网络,['次新股']
603299,井神股份,['次新股']
603308,应流股份,['核电核能']
603313,梦百合,['次新股']
603319,湘油泵,['次新股']
603322,超讯通信,['4G概念' '次新股' '三网融合']
603323,吴江银行,['次新股']
603333,明星电缆,['农村金融' '成渝特区']
603336,宏辉果蔬,['次新股']
603339,四方冷链,['次新股']
603366,日出东方,['太阳能' '券商重仓']
603369,今世缘,['O2O模式']
603377,东方时尚,['次新股']
603389,亚振家居,['次新股']
603393,新天然气,['次新股']
603399,新华龙,['稀缺资源']
603416,信捷电气,['次新股']
603421,鼎信通讯,['次新股']
603508,思维列控,['铁路基建']
603515,欧普照明,['次新股']
603520,司太立,['次新股']
603528,多伦科技,['次新股']
603555,贵人鸟,['体育概念']
603556,海兴电力,['次新股' '智能电网']
603558,健盛集团,['O2O模式']
603559,中通国脉,['次新股']
603568,伟明环保,['固废处理']
603569,长久物流,['次新股']
603577,汇金通,['次新股']
603585,苏利股份,['次新股']
603588,高能环境,['固废处理' '新三板']
603598,引力传媒,['新三板']
603601,再升科技,['节能']
603608,天创时尚,['次新股']
603618,杭电股份,['石墨烯']
603633,徕木股份,['次新股']
603636,南威软件,['智能交通']
603658,安图生物,['次新股']
603660,苏州科达,['次新股']
603663,三祥新材,['次新股']
603667,五洲新春,['次新股']
603678,火炬电子,['军工航天']
603699,纽威股份,['核电核能']
603701,德宏股份,['次新股']
603708,家家悦,['次新股']
603716,塞力斯,['次新股']
603726,朗迪集团,['次新股']
603727,博迈科,['次新股']
603737,三棵树,['次新股']
603738,泰晶科技,['次新股']
603766,隆鑫通用,['股权激励' '军工航天' '成渝特区']
603777,来伊份,['次新股']
603778,乾景园林,['装饰园林' '次新股']
603779,威龙股份,['次新股']
603788,宁波高发,['汽车电子']
603798,康普顿,['次新股']
603799,华友钴业,['稀缺资源']
603800,道森股份,['页岩气']
603806,福斯特,['太阳能']
603816,顾家家居,['次新股']
603819,神力股份,['次新股']
603822,嘉澳环保,['次新股']
603823,百合花,['次新股']
603838,四通股份,['重组概念']
603843,正平股份,['次新股']
603858,步长制药,['次新股']
603859,能科股份,['次新股' '节能']
603861,白云电器,['次新股']
603868,飞科电器,['次新股']
603869,北部湾旅,['重组概念' '智能交通']
603878,武进不锈,['次新股']
603885,吉祥航空,['军工航天']
603887,城地股份,['次新股']
603888,新华网,['次新股']
603898,好莱客,['O2O模式']
603900,通灵珠宝,['次新股']
603909,合诚股份,['次新股']
603919,金徽酒,['次新股']
603928,兴业股份,['次新股']
603958,哈森股份,['次新股']
603959,百利科技,['次新股']
603969,银龙股份,['铁路基建']
603977,国泰集团,['次新股']
603986,兆易创新,['次新股']
603987,康德莱,['次新股']
603990,麦迪科技,['次新股']
603993,洛阳钼业,['含H股' '稀缺资源']
603998,方盛制药,['抗癌']
